"Data";"Hora (UTC)";"Temp. Ins. (C)";"Temp. Max. (C)";"Temp. Min. (C)";"Umi. Ins. (%)";"Umi. Max. (%)";"Umi. Min. (%)";"Pto Orvalho Ins. (C)";"Pto Orvalho Max. (C)";"Pto Orvalho Min. (C)";"Pressao Ins. (hPa)";"Pressao Max. (hPa)";"Pressao Min. (hPa)";"Vel. Vento (m/s)";"Dir. Vento (m/s)";"Raj. Vento (m/s)";"Radiacao (KJ/m²)";"Chuva (mm)"
"01/04/2026";"0000";"18,2";"18,4";"17,9";"92,0";"92,0";"92,0";"16,9";"17,1";"16,5";"918,3";"918,3";"917,2";"2,5";"7,0";"7,4";"";"2,8"
"01/04/2026";"0100";"18,0";"18,2";"17,6";"92,0";"92,0";"91,0";"16,8";"16,9";"16,2";"918,6";"918,6";"918,3";"0,6";"97,0";"7,4";"";"6,8"
"01/04/2026";"0200";"18,1";"18,1";"18,0";"93,0";"93,0";"92,0";"16,8";"16,9";"16,7";"918,4";"918,9";"918,4";"0,9";"121,0";"4,5";"";"0,0"
"01/04/2026";"0300";"18,0";"18,1";"17,9";"93,0";"93,0";"93,0";"16,8";"16,9";"16,7";"918,0";"918,4";"918,0";"0,0";"186,0";"1,9";"";"0,0"
"01/04/2026";"0400";"17,8";"18,0";"17,8";"93,0";"93,0";"93,0";"16,7";"16,8";"16,6";"918,0";"918,1";"917,9";"0,3";"98,0";"1,5";"";"0,0"
"01/04/2026";"0500";"17,9";"18,1";"17,6";"92,0";"93,0";"92,0";"16,7";"16,9";"16,4";"917,4";"918,0";"917,4";"1,0";"132,0";"2,4";"";"0,0"
"01/04/2026";"0600";"17,5";"18,1";"17,0";"92,0";"92,0";"92,0";"16,2";"16,8";"15,7";"917,1";"917,4";"917,0";"0,2";"51,0";"2,6";"";"0,0"
"01/04/2026";"0700";"17,9";"18,3";"17,4";"90,0";"92,0";"90,0";"16,3";"16,8";"16,1";"917,0";"917,1";"917,0";"1,7";"105,0";"4,1";"";"0,0"
"01/04/2026";"0800";"18,0";"18,1";"17,9";"90,0";"91,0";"90,0";"16,5";"16,6";"16,3";"917,1";"917,2";"917,0";"1,4";"106,0";"4,5";"";"0,2"
"01/04/2026";"0900";"18,2";"18,2";"17,9";"90,0";"91,0";"90,0";"16,6";"16,6";"16,4";"917,6";"917,7";"917,1";"1,5";"102,0";"4,3";"";"0,0"
"01/04/2026";"1000";"19,3";"19,3";"18,1";"86,0";"90,0";"86,0";"16,9";"17,0";"16,5";"918,2";"918,3";"917,6";"1,0";"101,0";"3,3";"152,90";"0,0"
"01/04/2026";"1100";"20,8";"20,9";"19,2";"84,0";"87,0";"82,0";"17,9";"18,4";"16,9";"919,0";"919,0";"918,2";"0,3";"76,0";"4,1";"704,10";"0,0"
"01/04/2026";"1200";"23,2";"23,2";"20,6";"79,0";"85,0";"78,0";"19,4";"19,4";"17,3";"919,4";"919,4";"919,0";"0,7";"70,0";"3,9";"1152,30";"0,0"
"01/04/2026";"1300";"22,3";"23,7";"22,3";"76,0";"79,0";"70,0";"17,9";"19,3";"17,3";"919,8";"919,8";"919,4";"2,0";"36,0";"5,4";"1504,60";"0,0"
"01/04/2026";"1400";"24,6";"25,0";"22,2";"70,0";"79,0";"67,0";"18,8";"19,7";"17,4";"919,4";"919,8";"919,4";"1,9";"38,0";"5,4";"1746,20";"0,0"
"01/04/2026";"1500";"25,8";"26,8";"24,5";"63,0";"71,0";"59,0";"18,2";"20,3";"17,8";"918,7";"919,4";"918,7";"1,2";"26,0";"4,6";"2626,80";"0,0"
"01/04/2026";"1600";"24,8";"26,6";"24,3";"67,0";"72,0";"61,0";"18,3";"20,4";"17,2";"918,0";"918,7";"918,0";"1,2";"7,0";"3,6";"1368,10";"0,0"
"01/04/2026";"1700";"24,7";"26,7";"24,7";"71,0";"72,0";"62,0";"19,0";"20,2";"17,9";"917,1";"918,0";"917,1";"1,0";"323,0";"4,5";"1387,20";"0,0"
"01/04/2026";"1800";"24,9";"25,3";"24,2";"70,0";"74,0";"66,0";"19,0";"19,8";"18,5";"916,7";"917,1";"916,7";"0,7";"355,0";"4,0";"1038,00";"0,0"
"01/04/2026";"1900";"24,0";"24,9";"23,0";"69,0";"76,0";"68,0";"17,9";"19,1";"17,3";"916,9";"916,9";"916,6";"1,2";"41,0";"5,0";"894,30";"0,0"
"01/04/2026";"2000";"20,6";"24,1";"20,4";"88,0";"88,0";"67,0";"18,6";"18,6";"17,3";"917,3";"917,5";"916,9";"0,1";"104,0";"6,2";"447,20";"0,4"
"01/04/2026";"2100";"20,5";"20,9";"20,4";"91,0";"91,0";"88,0";"19,0";"19,0";"18,6";"918,1";"918,2";"917,1";"0,3";"37,0";"2,2";"152,90";"0,2"
"01/04/2026";"2200";"19,6";"20,5";"19,5";"88,0";"91,0";"87,0";"17,5";"18,9";"17,4";"918,5";"918,5";"918,1";"0,9";"106,0";"5,7";"";"0,0"
"01/04/2026";"2300";"19,8";"19,8";"19,3";"86,0";"89,0";"86,0";"17,3";"17,6";"17,1";"918,8";"918,8";"918,4";"1,2";"118,0";"4,0";"";"0,0"
"02/04/2026";"0000";"20,2";"20,2";"19,2";"84,0";"88,0";"84,0";"17,4";"17,6";"17,0";"919,2";"919,2";"918,7";"1,0";"110,0";"3,9";"";"0,0"
"02/04/2026";"0100";"19,9";"20,3";"19,9";"85,0";"85,0";"83,0";"17,3";"17,4";"17,2";"919,4";"919,4";"919,2";"0,7";"94,0";"3,4";"";"0,0"
"02/04/2026";"0200";"19,8";"19,9";"18,7";"87,0";"90,0";"85,0";"17,5";"18,0";"16,7";"919,3";"919,6";"919,3";"1,1";"98,0";"3,8";"";"0,0"
"02/04/2026";"0300";"20,0";"20,1";"19,7";"86,0";"87,0";"85,0";"17,5";"17,6";"17,3";"919,5";"919,6";"919,3";"1,0";"103,0";"3,8";"";"0,0"
"02/04/2026";"0400";"20,0";"20,0";"19,6";"86,0";"87,0";"85,0";"17,6";"17,6";"17,3";"919,3";"919,6";"919,3";"0,8";"104,0";"2,8";"";"0,0"
"02/04/2026";"0500";"19,7";"20,1";"19,7";"86,0";"87,0";"85,0";"17,4";"17,6";"17,3";"918,9";"919,4";"918,9";"0,8";"118,0";"3,4";"";"0,0"
"02/04/2026";"0600";"19,6";"19,9";"19,4";"87,0";"87,0";"86,0";"17,4";"17,5";"17,2";"918,1";"918,9";"918,1";"1,1";"105,0";"3,5";"";"0,0"
"02/04/2026";"0700";"19,5";"19,8";"19,3";"88,0";"88,0";"86,0";"17,4";"17,5";"17,2";"918,1";"918,3";"918,1";"1,3";"110,0";"3,5";"";"0,0"
"02/04/2026";"0800";"19,6";"19,6";"19,3";"87,0";"89,0";"87,0";"17,4";"17,6";"17,3";"918,3";"918,3";"918,0";"1,2";"107,0";"3,5";"";"0,0"
"02/04/2026";"0900";"19,2";"19,6";"19,1";"89,0";"89,0";"87,0";"17,3";"17,4";"17,1";"918,6";"918,6";"918,3";"1,3";"104,0";"3,1";"";"0,0"
"02/04/2026";"1000";"20,2";"20,2";"19,0";"86,0";"89,0";"86,0";"17,8";"17,8";"17,1";"919,0";"919,0";"918,6";"1,6";"114,0";"3,8";"66,50";"0,0"
"02/04/2026";"1100";"22,3";"22,3";"20,2";"78,0";"86,0";"77,0";"18,2";"18,2";"17,7";"919,7";"919,7";"919,0";"2,3";"90,0";"5,3";"742,90";"0,2"
"02/04/2026";"1200";"23,2";"23,5";"22,3";"77,0";"78,0";"72,0";"18,9";"18,9";"17,9";"920,2";"920,2";"919,7";"1,9";"114,0";"5,3";"1648,40";"0,0"
"02/04/2026";"1300";"26,0";"26,2";"23,0";"65,0";"78,0";"61,0";"19,0";"20,0";"17,7";"920,5";"920,5";"920,2";"1,3";"58,0";"5,1";"2376,70";"0,0"
"02/04/2026";"1400";"26,3";"27,6";"24,4";"65,0";"71,0";"57,0";"19,2";"20,1";"16,9";"920,3";"920,6";"920,3";"1,3";"75,0";"4,9";"2009,90";"0,0"
"02/04/2026";"1500";"26,3";"27,3";"24,6";"65,0";"70,0";"58,0";"19,3";"20,1";"17,6";"919,8";"920,3";"919,8";"0,9";"105,0";"5,1";"1794,90";"0,0"
"02/04/2026";"1600";"25,7";"26,3";"25,1";"64,0";"72,0";"61,0";"18,5";"19,9";"17,3";"919,3";"919,9";"919,3";"0,5";"66,0";"2,9";"971,60";"0,0"
"02/04/2026";"1700";"25,0";"27,0";"24,9";"70,0";"70,0";"57,0";"19,1";"19,5";"17,5";"918,7";"919,3";"918,7";"1,3";"53,0";"4,1";"1100,10";"0,0"
"02/04/2026";"1800";"26,7";"28,9";"24,9";"58,0";"71,0";"53,0";"17,8";"20,6";"17,2";"918,1";"918,7";"918,1";"1,2";"72,0";"3,5";"1895,00";"0,0"
"02/04/2026";"1900";"27,1";"28,7";"25,9";"57,0";"64,0";"49,0";"17,9";"19,2";"16,7";"917,7";"918,1";"917,6";"2,2";"19,0";"4,6";"1400,70";"0,0"
"02/04/2026";"2000";"24,1";"27,1";"24,1";"71,0";"71,0";"57,0";"18,6";"18,9";"17,5";"918,0";"918,0";"917,7";"0,8";"52,0";"7,3";"600,00";"0,0"
"02/04/2026";"2100";"22,5";"24,1";"22,5";"80,0";"80,0";"69,0";"18,8";"18,8";"18,0";"918,4";"918,4";"918,0";"1,7";"36,0";"4,6";"78,50";"0,0"
"02/04/2026";"2200";"22,4";"22,8";"21,9";"74,0";"81,0";"73,0";"17,5";"18,7";"17,5";"919,1";"919,1";"918,4";"1,3";"105,0";"4,6";"";"0,0"
"02/04/2026";"2300";"21,8";"22,6";"21,6";"76,0";"76,0";"73,0";"17,3";"17,5";"17,0";"920,1";"920,1";"919,1";"1,8";"115,0";"4,7";"";"0,0"
"03/04/2026";"0000";"21,8";"21,9";"21,6";"78,0";"78,0";"75,0";"17,8";"17,8";"17,2";"920,8";"920,8";"920,0";"1,4";"118,0";"4,7";"";"0,0"
"03/04/2026";"0100";"21,8";"21,8";"21,5";"79,0";"80,0";"78,0";"17,9";"18,0";"17,8";"921,1";"921,1";"920,7";"0,9";"97,0";"4,4";"";"0,0"
"03/04/2026";"0200";"21,2";"21,8";"21,2";"81,0";"82,0";"79,0";"17,8";"18,0";"17,8";"921,0";"921,1";"920,8";"1,2";"100,0";"3,1";"";"0,0"
"03/04/2026";"0300";"21,2";"21,4";"21,0";"81,0";"82,0";"80,0";"17,8";"17,9";"17,7";"921,0";"921,1";"920,9";"1,1";"107,0";"3,7";"";"0,0"
"03/04/2026";"0400";"19,8";"21,2";"19,8";"86,0";"86,0";"80,0";"17,4";"17,7";"17,4";"920,7";"921,0";"920,7";"0,1";"347,0";"3,3";"";"0,0"
"03/04/2026";"0500";"20,4";"20,5";"19,6";"83,0";"87,0";"83,0";"17,5";"17,8";"17,3";"920,1";"920,7";"920,1";"0,1";"96,0";"1,9";"";"0,0"
"03/04/2026";"0600";"19,9";"20,8";"19,8";"82,0";"83,0";"79,0";"16,8";"17,5";"16,7";"919,8";"920,1";"919,7";"0,4";"97,0";"2,5";"";"0,0"
"03/04/2026";"0700";"19,6";"20,1";"19,5";"85,0";"85,0";"82,0";"17,0";"17,1";"16,7";"919,6";"919,9";"919,6";"0,4";"82,0";"2,9";"";"0,0"
"03/04/2026";"0800";"20,0";"20,2";"19,2";"83,0";"86,0";"82,0";"17,1";"17,2";"16,8";"919,8";"919,8";"919,6";"0,4";"109,0";"2,9";"";"0,0"
"03/04/2026";"0900";"20,1";"20,4";"19,9";"82,0";"84,0";"81,0";"16,9";"17,1";"16,9";"920,0";"920,0";"919,8";"0,4";"112,0";"2,2";"";"0,0"
"03/04/2026";"1000";"19,6";"20,1";"19,5";"87,0";"87,0";"82,0";"17,5";"17,5";"16,9";"920,6";"920,7";"920,0";"0,0";"131,0";"1,4";"63,50";"0,0"
"03/04/2026";"1100";"22,5";"22,5";"19,6";"76,0";"87,0";"76,0";"18,1";"18,4";"17,3";"921,4";"921,4";"920,6";"0,4";"88,0";"2,9";"462,50";"0,0"
"03/04/2026";"1200";"25,3";"25,6";"22,5";"60,0";"76,0";"60,0";"16,9";"18,5";"16,9";"922,0";"922,0";"921,4";"0,9";"100,0";"3,4";"1796,50";"0,0"
"03/04/2026";"1300";"25,9";"27,3";"24,9";"59,0";"64,0";"52,0";"17,4";"18,9";"15,7";"921,9";"922,0";"921,9";"1,2";"6,0";"3,1";"2378,10";"0,0"
"03/04/2026";"1400";"27,1";"27,4";"25,9";"54,0";"64,0";"52,0";"17,1";"19,0";"16,1";"921,6";"921,9";"921,6";"1,3";"359,0";"3,9";"2542,10";"0,0"
"03/04/2026";"1500";"28,2";"28,9";"26,9";"48,0";"60,0";"47,0";"16,1";"19,1";"16,1";"920,9";"921,6";"920,9";"1,3";"46,0";"4,1";"3152,80";"0,0"
"03/04/2026";"1600";"27,0";"29,2";"26,8";"59,0";"61,0";"47,0";"18,4";"19,5";"15,8";"920,1";"920,9";"920,1";"1,2";"47,0";"4,5";"2321,30";"0,0"
"03/04/2026";"1700";"29,7";"30,2";"27,0";"49,0";"62,0";"43,0";"17,8";"19,9";"15,7";"919,3";"920,1";"919,3";"1,1";"20,0";"3,3";"2470,70";"0,0"
"03/04/2026";"1800";"29,2";"30,0";"28,6";"50,0";"52,0";"40,0";"17,8";"18,2";"13,9";"918,5";"919,3";"918,5";"1,4";"21,0";"4,5";"2475,20";"0,0"
"03/04/2026";"1900";"27,5";"29,2";"26,6";"52,0";"57,0";"43,0";"16,6";"18,2";"15,2";"918,4";"918,6";"918,4";"1,0";"11,0";"4,2";"1353,70";"0,0"
"03/04/2026";"2000";"24,6";"27,6";"24,6";"68,0";"68,0";"51,0";"18,2";"18,2";"15,9";"918,5";"918,6";"918,3";"0,7";"23,0";"4,5";"495,90";"0,0"
"03/04/2026";"2100";"23,4";"24,8";"23,3";"73,0";"76,0";"66,0";"18,3";"18,9";"18,0";"918,9";"918,9";"918,4";"1,2";"22,0";"5,3";"82,50";"0,0"
"03/04/2026";"2200";"22,4";"23,6";"22,3";"79,0";"79,0";"72,0";"18,6";"18,6";"17,9";"919,6";"919,6";"918,9";"0,2";"230,0";"3,7";"";"0,0"
"03/04/2026";"2300";"23,9";"24,3";"22,4";"68,0";"79,0";"67,0";"17,6";"18,5";"17,6";"920,1";"920,2";"919,6";"1,4";"117,0";"3,1";"";"0,0"
"04/04/2026";"0000";"23,3";"23,9";"23,3";"72,0";"72,0";"68,0";"17,9";"17,9";"17,5";"920,6";"920,6";"920,1";"1,1";"104,0";"3,9";"";"0,0"
"04/04/2026";"0100";"23,0";"23,3";"22,8";"75,0";"75,0";"72,0";"18,3";"18,4";"17,9";"921,3";"921,3";"920,6";"1,6";"107,0";"4,4";"";"0,0"
"04/04/2026";"0200";"22,5";"23,1";"22,5";"78,0";"78,0";"75,0";"18,5";"18,5";"18,3";"921,7";"921,7";"921,3";"1,5";"105,0";"4,3";"";"0,0"
"04/04/2026";"0300";"22,2";"22,7";"22,1";"79,0";"79,0";"77,0";"18,4";"18,5";"18,3";"921,2";"921,8";"921,2";"1,5";"115,0";"3,9";"";"0,0"
"04/04/2026";"0400";"22,0";"22,5";"21,9";"78,0";"79,0";"77,0";"17,9";"18,4";"17,9";"920,5";"921,2";"920,5";"1,3";"106,0";"3,8";"";"0,0"
"04/04/2026";"0500";"21,6";"22,1";"20,9";"78,0";"81,0";"76,0";"17,7";"17,9";"17,5";"919,7";"920,5";"919,7";"0,7";"123,0";"3,6";"";"0,0"
"04/04/2026";"0600";"21,6";"21,9";"21,3";"74,0";"78,0";"74,0";"16,9";"17,7";"16,9";"919,2";"919,7";"919,2";"1,5";"114,0";"3,9";"";"0,0"
"04/04/2026";"0700";"21,7";"21,9";"21,4";"72,0";"74,0";"71,0";"16,4";"16,9";"16,3";"919,3";"919,4";"919,2";"1,4";"111,0";"3,9";"";"0,0"
"04/04/2026";"0800";"21,3";"21,7";"21,1";"74,0";"75,0";"72,0";"16,4";"16,6";"16,3";"919,4";"919,5";"919,3";"1,4";"109,0";"4,5";"";"0,0"
"04/04/2026";"0900";"20,7";"21,3";"20,7";"76,0";"77,0";"73,0";"16,4";"16,5";"16,3";"919,7";"919,7";"919,4";"1,0";"93,0";"3,6";"";"0,0"
"04/04/2026";"1000";"20,8";"20,8";"20,5";"77,0";"79,0";"76,0";"16,7";"16,7";"16,4";"920,2";"920,2";"919,7";"1,0";"103,0";"3,4";"93,00";"0,0"
"04/04/2026";"1100";"22,9";"22,9";"20,8";"71,0";"78,0";"71,0";"17,3";"17,4";"16,7";"920,7";"920,7";"920,1";"1,9";"97,0";"5,7";"882,50";"0,0"
"04/04/2026";"1200";"25,1";"25,3";"22,8";"61,0";"72,0";"61,0";"17,0";"18,3";"17,0";"921,3";"921,3";"920,7";"1,5";"63,0";"4,8";"1767,40";"0,0"
"04/04/2026";"1300";"25,9";"27,2";"24,6";"64,0";"70,0";"56,0";"18,7";"19,4";"17,1";"921,5";"921,5";"921,2";"1,1";"80,0";"4,9";"2186,90";"0,0"
"04/04/2026";"1400";"26,3";"26,5";"25,0";"63,0";"70,0";"59,0";"18,6";"20,0";"17,1";"921,3";"921,5";"921,3";"1,0";"75,0";"4,8";"1852,50";"0,0"
"04/04/2026";"1500";"26,1";"28,6";"25,3";"58,0";"68,0";"51,0";"17,1";"20,1";"16,3";"920,7";"921,3";"920,7";"1,3";"134,0";"5,1";"2308,40";"0,0"
"04/04/2026";"1600";"29,8";"30,0";"26,1";"49,0";"62,0";"44,0";"18,0";"19,9";"15,8";"919,8";"920,7";"919,8";"0,8";"28,0";"4,7";"3043,70";"0,0"
"04/04/2026";"1700";"28,3";"30,4";"27,0";"48,0";"54,0";"41,0";"16,2";"19,2";"14,8";"919,1";"919,8";"919,1";"1,7";"42,0";"4,6";"2695,60";"0,0"
"04/04/2026";"1800";"26,7";"29,7";"26,7";"57,0";"57,0";"42,0";"17,3";"17,7";"15,1";"918,5";"919,1";"918,4";"1,7";"5,0";"5,1";"2167,70";"0,0"
"04/04/2026";"1900";"26,6";"29,5";"26,2";"55,0";"62,0";"48,0";"17,0";"19,1";"15,9";"918,5";"918,5";"918,4";"1,3";"116,0";"5,1";"953,80";"0,0"
"04/04/2026";"2000";"25,3";"26,6";"25,3";"58,0";"62,0";"56,0";"16,4";"18,1";"16,4";"918,4";"918,5";"918,4";"2,0";"120,0";"5,7";"424,00";"0,0"
"04/04/2026";"2100";"25,0";"25,5";"24,9";"59,0";"60,0";"58,0";"16,5";"16,9";"16,3";"918,3";"918,4";"918,3";"1,1";"109,0";"4,4";"79,80";"0,0"
"04/04/2026";"2200";"24,8";"25,0";"24,0";"58,0";"65,0";"58,0";"16,0";"17,0";"16,0";"918,8";"918,8";"918,3";"1,0";"118,0";"3,2";"";"0,0"
"04/04/2026";"2300";"24,4";"24,8";"24,0";"61,0";"63,0";"58,0";"16,4";"16,7";"15,8";"919,5";"919,5";"918,8";"1,2";"112,0";"3,0";"";"0,0"
"05/04/2026";"0000";"23,8";"24,4";"23,6";"66,0";"66,0";"61,0";"17,0";"17,0";"16,3";"920,1";"920,1";"919,5";"2,0";"117,0";"5,3";"";"0,0"
"05/04/2026";"0100";"22,8";"23,8";"22,8";"75,0";"75,0";"66,0";"18,1";"18,1";"17,0";"920,1";"920,4";"920,1";"1,1";"82,0";"5,5";"";"0,0"
"05/04/2026";"0200";"22,5";"22,9";"22,5";"78,0";"78,0";"74,0";"18,4";"18,5";"18,1";"919,9";"920,2";"919,9";"1,2";"110,0";"4,5";"";"0,0"
"05/04/2026";"0300";"22,5";"22,7";"22,4";"77,0";"78,0";"76,0";"18,2";"18,5";"18,2";"919,6";"919,9";"919,6";"1,3";"113,0";"4,3";"";"0,0"
"05/04/2026";"0400";"21,9";"22,6";"21,8";"79,0";"80,0";"76,0";"18,1";"18,2";"18,0";"919,3";"919,6";"919,3";"1,7";"107,0";"4,7";"";"0,0"
"05/04/2026";"0500";"21,5";"22,0";"21,4";"81,0";"81,0";"79,0";"18,0";"18,2";"18,0";"919,1";"919,4";"919,1";"1,6";"103,0";"4,3";"";"0,0"
"05/04/2026";"0600";"21,2";"21,6";"21,1";"82,0";"82,0";"80,0";"17,9";"18,1";"17,9";"919,0";"919,2";"918,9";"1,2";"103,0";"4,3";"";"0,0"
"05/04/2026";"0700";"20,9";"21,2";"20,7";"82,0";"84,0";"82,0";"17,7";"18,0";"17,7";"918,9";"919,0";"918,8";"1,1";"108,0";"3,7";"";"0,0"
"05/04/2026";"0800";"20,6";"21,0";"20,6";"84,0";"84,0";"82,0";"17,8";"17,9";"17,7";"919,1";"919,1";"918,9";"1,0";"102,0";"2,8";"";"0,0"
"05/04/2026";"0900";"20,4";"20,8";"20,4";"84,0";"85,0";"83,0";"17,7";"17,9";"17,7";"919,5";"919,5";"919,1";"0,7";"121,0";"2,5";"";"0,0"
"05/04/2026";"1000";"21,3";"21,3";"20,1";"82,0";"86,0";"82,0";"18,1";"18,1";"17,6";"920,2";"920,2";"919,5";"0,9";"97,0";"2,8";"64,60";"0,0"
"05/04/2026";"1100";"23,6";"23,6";"21,2";"72,0";"83,0";"72,0";"18,2";"18,8";"17,9";"921,0";"921,0";"920,2";"0,5";"117,0";"3,2";"779,70";"0,0"
"05/04/2026";"1200";"26,2";"26,2";"23,5";"62,0";"73,0";"62,0";"18,4";"19,2";"17,7";"921,4";"921,4";"921,0";"1,0";"55,0";"4,4";"1675,80";"0,0"
"05/04/2026";"1300";"27,3";"27,6";"25,7";"58,0";"65,0";"55,0";"18,4";"19,6";"16,5";"921,2";"921,4";"921,2";"0,7";"27,0";"3,4";"2424,80";"0,0"
"05/04/2026";"1400";"26,0";"28,2";"25,2";"63,0";"70,0";"53,0";"18,5";"19,8";"16,9";"920,7";"921,2";"920,7";"0,3";"71,0";"3,5";"1608,20";"0,0"
"05/04/2026";"1500";"28,7";"29,3";"25,5";"57,0";"67,0";"50,0";"19,4";"20,3";"16,9";"919,9";"920,7";"919,9";"0,9";"360,0";"5,4";"3046,80";"0,0"
"05/04/2026";"1600";"28,3";"30,2";"28,3";"51,0";"58,0";"47,0";"17,1";"19,8";"16,9";"919,1";"920,0";"919,1";"1,1";"39,0";"5,0";"3053,80";"0,0"
"05/04/2026";"1700";"30,3";"30,6";"28,3";"45,0";"56,0";"43,0";"17,2";"19,6";"16,2";"918,0";"919,1";"918,0";"0,9";"49,0";"5,1";"3147,20";"0,0"
"05/04/2026";"1800";"30,3";"31,3";"28,6";"46,0";"51,0";"38,0";"17,2";"19,0";"14,3";"917,6";"918,1";"917,6";"1,2";"2,0";"4,7";"2854,50";"0,0"
"05/04/2026";"1900";"24,3";"30,9";"24,3";"70,0";"70,0";"42,0";"18,4";"18,5";"15,8";"918,1";"918,1";"917,5";"1,3";"153,0";"5,1";"817,60";"0,0"
"05/04/2026";"2000";"21,7";"24,3";"21,2";"91,0";"91,0";"70,0";"20,2";"20,2";"18,4";"918,3";"918,4";"918,1";"0,4";"183,0";"6,4";"89,00";"3,0"
"05/04/2026";"2100";"21,8";"22,0";"21,2";"88,0";"91,0";"87,0";"19,6";"20,2";"19,5";"918,2";"918,5";"918,1";"0,4";"189,0";"3,2";"29,20";"0,0"
"05/04/2026";"2200";"22,0";"22,1";"21,5";"86,0";"89,0";"86,0";"19,6";"20,0";"19,5";"918,8";"918,8";"918,1";"0,4";"171,0";"2,2";"";"0,0"
"05/04/2026";"2300";"23,4";"23,4";"21,8";"74,0";"87,0";"74,0";"18,6";"19,6";"18,5";"919,2";"919,2";"918,8";"1,3";"115,0";"4,3";"";"0,0"
"06/04/2026";"0000";"22,0";"23,4";"22,0";"80,0";"80,0";"74,0";"18,4";"18,6";"18,3";"919,4";"919,5";"919,2";"0,0";"84,0";"4,3";"";"0,0"
"06/04/2026";"0100";"22,2";"22,9";"22,0";"80,0";"82,0";"77,0";"18,7";"18,8";"18,4";"919,9";"919,9";"919,4";"0,3";"118,0";"2,5";"";"0,0"
"06/04/2026";"0200";"22,0";"22,6";"21,5";"80,0";"84,0";"79,0";"18,5";"18,8";"18,5";"919,9";"920,0";"919,7";"0,9";"105,0";"3,3";"";"0,0"
"06/04/2026";"0300";"21,8";"22,1";"21,7";"79,0";"81,0";"79,0";"17,9";"18,6";"17,9";"919,9";"920,0";"919,9";"1,0";"113,0";"3,2";"";"0,0"
"06/04/2026";"0400";"21,2";"22,0";"21,1";"82,0";"83,0";"78,0";"18,0";"18,2";"17,8";"920,1";"920,1";"919,9";"0,5";"111,0";"2,9";"";"0,0"
"06/04/2026";"0500";"19,7";"21,2";"19,6";"89,0";"89,0";"82,0";"17,9";"18,2";"17,6";"919,8";"920,2";"919,8";"0,0";"64,0";"1,8";"";"0,0"
"06/04/2026";"0600";"21,0";"21,2";"19,7";"83,0";"90,0";"82,0";"18,0";"18,8";"17,9";"919,4";"919,8";"919,3";"0,6";"104,0";"2,9";"";"0,0"
"06/04/2026";"0700";"20,6";"21,0";"20,5";"85,0";"85,0";"83,0";"17,9";"18,1";"17,8";"919,6";"919,6";"919,3";"1,0";"106,0";"3,9";"";"0,0"
"06/04/2026";"0800";"20,7";"20,8";"20,5";"83,0";"85,0";"83,0";"17,7";"17,9";"17,7";"919,9";"919,9";"919,6";"0,7";"113,0";"3,4";"";"0,0"
"06/04/2026";"0900";"20,7";"20,8";"20,5";"83,0";"84,0";"82,0";"17,7";"17,8";"17,6";"920,2";"920,2";"919,8";"0,8";"106,0";"3,0";"";"0,0"
"06/04/2026";"1000";"21,0";"21,1";"20,5";"83,0";"83,0";"82,0";"18,0";"18,0";"17,6";"921,2";"921,2";"920,2";"0,3";"109,0";"3,2";"125,20";"0,0"
"06/04/2026";"1100";"22,1";"22,1";"21,0";"81,0";"84,0";"80,0";"18,7";"18,7";"18,0";"921,8";"921,8";"921,2";"1,2";"92,0";"3,9";"421,20";"0,0"
"06/04/2026";"1200";"24,1";"24,5";"22,0";"75,0";"82,0";"70,0";"19,3";"19,6";"18,4";"921,9";"921,9";"921,7";"1,6";"109,0";"4,7";"1476,40";"0,0"
"06/04/2026";"1300";"24,7";"26,6";"24,0";"67,0";"74,0";"61,0";"18,3";"20,1";"17,7";"921,9";"922,0";"921,8";"1,7";"68,0";"6,0";"1953,20";"0,0"
"06/04/2026";"1400";"24,9";"27,7";"24,6";"69,0";"73,0";"60,0";"18,7";"21,1";"18,2";"921,5";"921,9";"921,5";"1,4";"82,0";"6,7";"1554,50";"0,0"
"06/04/2026";"1500";"26,5";"28,5";"24,5";"64,0";"73,0";"54,0";"19,0";"20,8";"16,9";"920,8";"921,5";"920,8";"0,9";"68,0";"5,5";"2011,00";"0,0"
"06/04/2026";"1600";"28,7";"29,4";"26,4";"59,0";"66,0";"51,0";"19,9";"20,7";"17,7";"920,2";"920,8";"920,2";"1,7";"29,0";"6,4";"2706,00";"0,0"
"06/04/2026";"1700";"28,7";"29,2";"26,2";"51,0";"61,0";"47,0";"17,6";"19,6";"16,2";"919,5";"920,2";"919,5";"1,2";"47,0";"6,0";"2645,80";"0,0"
"06/04/2026";"1800";"27,1";"29,9";"26,4";"61,0";"61,0";"46,0";"18,8";"19,4";"16,6";"918,9";"919,5";"918,9";"0,8";"58,0";"5,2";"1857,70";"0,0"
"06/04/2026";"1900";"29,4";"29,9";"26,7";"48,0";"63,0";"45,0";"17,1";"19,9";"16,3";"918,6";"918,9";"918,6";"1,4";"54,0";"4,9";"1542,00";"0,0"
"06/04/2026";"2000";"25,4";"29,4";"25,4";"63,0";"64,0";"47,0";"17,7";"18,4";"16,8";"919,0";"919,0";"918,6";"2,3";"119,0";"6,4";"502,10";"0,0"
"06/04/2026";"2100";"24,7";"25,4";"24,5";"67,0";"67,0";"62,0";"18,1";"18,4";"17,4";"919,0";"919,1";"918,9";"2,4";"112,0";"6,9";"71,50";"0,0"
"06/04/2026";"2200";"23,6";"24,7";"23,6";"67,0";"70,0";"65,0";"17,1";"18,3";"17,0";"919,5";"919,5";"919,0";"1,8";"107,0";"5,8";"";"0,0"
"06/04/2026";"2300";"23,3";"23,9";"23,3";"69,0";"69,0";"66,0";"17,2";"17,4";"17,1";"920,0";"920,0";"919,5";"1,8";"114,0";"5,3";"";"0,0"
"07/04/2026";"0000";"23,2";"23,4";"23,0";"69,0";"70,0";"68,0";"17,2";"17,3";"17,1";"920,7";"920,7";"920,0";"1,6";"111,0";"4,9";"";"0,0"
"07/04/2026";"0100";"22,4";"23,2";"22,3";"74,0";"74,0";"69,0";"17,5";"17,5";"17,1";"921,3";"921,3";"920,7";"1,4";"90,0";"3,7";"";"0,0"
"07/04/2026";"0200";"21,5";"22,5";"21,5";"78,0";"78,0";"73,0";"17,5";"17,6";"17,4";"921,6";"921,6";"921,3";"1,0";"105,0";"4,3";"";"0,0"
"07/04/2026";"0300";"21,5";"21,7";"21,2";"79,0";"80,0";"78,0";"17,6";"17,7";"17,5";"921,0";"921,6";"921,0";"1,6";"111,0";"4,8";"";"0,0"
"07/04/2026";"0400";"20,9";"21,5";"20,8";"79,0";"81,0";"78,0";"17,2";"17,6";"17,2";"920,6";"921,0";"920,6";"1,5";"107,0";"4,8";"";"0,0"
"07/04/2026";"0500";"21,0";"21,2";"20,7";"79,0";"80,0";"78,0";"17,3";"17,3";"17,1";"920,6";"920,7";"920,5";"1,4";"103,0";"5,1";"";"0,0"
"07/04/2026";"0600";"20,5";"21,0";"20,5";"83,0";"83,0";"79,0";"17,4";"17,5";"17,2";"920,2";"920,7";"920,2";"1,7";"120,0";"4,7";"";"0,0"
"07/04/2026";"0700";"20,3";"20,5";"20,2";"83,0";"84,0";"82,0";"17,3";"17,5";"17,3";"920,5";"920,5";"920,2";"1,6";"120,0";"4,7";"";"0,0"
"07/04/2026";"0800";"19,9";"20,4";"19,8";"85,0";"85,0";"83,0";"17,3";"17,4";"17,1";"920,8";"920,8";"920,4";"1,6";"114,0";"3,7";"";"0,0"
"07/04/2026";"0900";"19,9";"20,1";"19,6";"84,0";"85,0";"84,0";"17,2";"17,3";"17,0";"921,0";"921,1";"920,8";"1,7";"107,0";"5,9";"";"0,0"
"07/04/2026";"1000";"20,4";"20,4";"19,7";"82,0";"85,0";"82,0";"17,3";"17,3";"16,9";"921,6";"921,6";"921,1";"1,1";"107,0";"5,9";"76,80";"0,0"
"07/04/2026";"1100";"22,1";"22,1";"20,3";"76,0";"83,0";"74,0";"17,7";"17,9";"17,1";"922,0";"922,0";"921,6";"1,7";"93,0";"5,4";"743,20";"0,0"
"07/04/2026";"1200";"23,4";"23,5";"22,1";"72,0";"76,0";"70,0";"18,0";"18,1";"17,3";"922,2";"922,2";"921,9";"2,4";"125,0";"6,8";"1679,90";"0,0"
"07/04/2026";"1300";"24,0";"24,8";"23,4";"68,0";"72,0";"65,0";"17,7";"19,0";"17,1";"922,4";"922,5";"922,2";"2,1";"115,0";"6,8";"2126,40";"0,0"
"07/04/2026";"1400";"26,8";"27,0";"24,0";"58,0";"71,0";"56,0";"17,9";"19,0";"16,7";"922,0";"922,4";"922,0";"1,8";"61,0";"6,2";"2662,10";"0,0"
"07/04/2026";"1500";"27,6";"28,2";"24,8";"50,0";"67,0";"50,0";"16,3";"19,4";"16,3";"921,3";"922,0";"921,3";"1,9";"63,0";"6,2";"2480,10";"0,0"
"07/04/2026";"1600";"28,1";"29,2";"26,4";"50,0";"58,0";"45,0";"16,6";"18,6";"15,6";"920,4";"921,3";"920,4";"1,7";"68,0";"5,7";"2818,50";"0,0"
"07/04/2026";"1700";"29,6";"30,0";"25,1";"44,0";"65,0";"43,0";"16,1";"18,8";"14,7";"919,8";"920,4";"919,8";"1,1";"66,0";"4,9";"2155,10";"0,0"
"07/04/2026";"1800";"28,7";"29,9";"26,2";"46,0";"58,0";"42,0";"15,8";"17,7";"14,7";"919,4";"919,8";"919,4";"1,7";"47,0";"4,9";"2237,70";"0,0"
"07/04/2026";"1900";"27,8";"29,9";"25,6";"51,0";"60,0";"45,0";"16,6";"18,7";"15,4";"919,1";"919,4";"919,1";"1,4";"29,0";"4,5";"1157,60";"0,0"
"07/04/2026";"2000";"25,1";"27,9";"25,1";"58,0";"58,0";"47,0";"16,1";"17,3";"15,5";"918,9";"919,1";"918,9";"2,1";"19,0";"5,9";"386,80";"0,0"
"07/04/2026";"2100";"22,8";"25,1";"22,7";"67,0";"69,0";"57,0";"16,5";"17,1";"16,0";"919,0";"919,0";"918,8";"1,6";"47,0";"5,3";"50,50";"0,0"
"07/04/2026";"2200";"21,8";"23,7";"21,8";"71,0";"72,0";"61,0";"16,3";"16,6";"15,7";"919,5";"919,6";"919,0";"0,2";"106,0";"5,1";"";"0,0"
"07/04/2026";"2300";"23,0";"23,5";"21,7";"64,0";"72,0";"63,0";"15,9";"16,4";"15,8";"920,3";"920,3";"919,5";"1,5";"104,0";"4,2";"";"0,0"
"08/04/2026";"0000";"22,0";"23,1";"21,9";"68,0";"69,0";"64,0";"15,9";"16,1";"15,7";"920,6";"920,6";"920,3";"1,7";"105,0";"5,4";"";"0,0"
"08/04/2026";"0100";"21,5";"22,3";"21,5";"71,0";"71,0";"68,0";"16,1";"16,1";"16,0";"920,6";"920,7";"920,5";"1,5";"107,0";"5,1";"";"0,0"
"08/04/2026";"0200";"21,2";"21,7";"21,2";"72,0";"72,0";"70,0";"15,9";"16,1";"15,9";"920,6";"920,7";"920,4";"1,2";"91,0";"4,6";"";"0,0"
"08/04/2026";"0300";"20,7";"21,2";"20,1";"75,0";"77,0";"72,0";"16,1";"16,2";"15,8";"920,2";"920,7";"920,2";"0,6";"110,0";"3,6";"";"0,0"
"08/04/2026";"0400";"20,6";"20,9";"20,2";"75,0";"77,0";"74,0";"16,0";"16,2";"15,8";"919,8";"920,2";"919,8";"0,9";"124,0";"2,1";"";"0,0"
"08/04/2026";"0500";"18,8";"20,7";"18,8";"83,0";"83,0";"74,0";"15,8";"16,1";"15,7";"919,5";"919,8";"919,4";"0,0";"287,0";"1,6";"";"0,0"
"08/04/2026";"0600";"18,6";"19,2";"18,5";"84,0";"85,0";"82,0";"15,9";"16,1";"15,8";"919,1";"919,5";"919,1";"0,0";"329,0";"0,8";"";"0,0"
"08/04/2026";"0700";"18,3";"18,7";"18,2";"86,0";"87,0";"84,0";"15,9";"16,1";"15,8";"919,1";"919,3";"919,1";"0,0";"205,0";"0,9";"";"0,0"
"08/04/2026";"0800";"17,7";"18,4";"17,7";"88,0";"88,0";"86,0";"15,7";"16,1";"15,6";"919,3";"919,3";"919,1";"0,6";"321,0";"0,9";"";"0,0"
"08/04/2026";"0900";"17,7";"18,0";"17,7";"89,0";"89,0";"88,0";"15,8";"16,1";"15,7";"919,6";"919,6";"919,3";"0,1";"23,0";"0,9";"";"0,0"
"08/04/2026";"1000";"18,9";"18,9";"17,6";"88,0";"90,0";"88,0";"16,8";"16,8";"15,7";"920,2";"920,2";"919,6";"0,0";"113,0";"1,0";"74,20";"0,0"
"08/04/2026";"1100";"22,9";"23,5";"18,9";"64,0";"88,0";"62,0";"15,8";"17,2";"15,6";"920,8";"920,8";"920,2";"0,4";"101,0";"2,1";"842,40";"0,0"
"08/04/2026";"1200";"25,0";"25,3";"22,9";"65,0";"68,0";"58,0";"18,0";"18,1";"15,6";"921,2";"921,2";"920,8";"0,7";"356,0";"3,2";"1649,50";"0,0"
"08/04/2026";"1300";"26,7";"26,7";"24,5";"61,0";"67,0";"54,0";"18,5";"18,5";"16,1";"921,1";"921,3";"921,1";"1,0";"43,0";"3,3";"2176,20";"0,0"
"08/04/2026";"1400";"27,3";"27,4";"26,1";"56,0";"62,0";"53,0";"17,7";"18,9";"16,4";"920,4";"921,2";"920,4";"1,6";"335,0";"4,4";"2618,90";"0,0"
"08/04/2026";"1500";"28,8";"28,9";"27,2";"53,0";"58,0";"46,0";"18,1";"19,0";"15,5";"919,4";"920,4";"919,4";"1,0";"8,0";"4,5";"2932,70";"0,0"
"08/04/2026";"1600";"28,5";"29,5";"26,6";"46,0";"58,0";"43,0";"15,8";"18,9";"14,7";"918,7";"919,4";"918,7";"1,0";"288,0";"4,7";"2425,10";"0,0"
"08/04/2026";"1700";"28,2";"29,9";"27,4";"53,0";"58,0";"42,0";"17,8";"19,4";"15,5";"918,1";"918,7";"918,1";"1,5";"295,0";"6,0";"2136,00";"0,0"
"08/04/2026";"1800";"29,6";"30,3";"28,2";"49,0";"54,0";"45,0";"17,9";"18,8";"16,5";"917,3";"918,1";"917,2";"1,7";"348,0";"5,5";"2753,60";"0,0"
"08/04/2026";"1900";"27,6";"30,0";"27,6";"53,0";"56,0";"44,0";"17,2";"18,8";"16,3";"916,9";"917,3";"916,9";"1,9";"308,0";"5,7";"1235,90";"0,0"
"08/04/2026";"2000";"25,7";"27,8";"25,7";"64,0";"64,0";"53,0";"18,4";"19,1";"17,3";"917,0";"917,0";"916,9";"1,8";"323,0";"5,1";"391,90";"0,0"
"08/04/2026";"2100";"22,8";"25,7";"22,8";"68,0";"68,0";"60,0";"16,7";"18,6";"16,5";"917,9";"918,2";"916,9";"1,5";"174,0";"11,7";"36,00";"0,0"
"08/04/2026";"2200";"21,4";"22,8";"21,4";"76,0";"76,0";"68,0";"17,0";"17,0";"16,5";"918,7";"918,7";"917,8";"0,7";"295,0";"6,7";"";"0,0"
"08/04/2026";"2300";"21,7";"22,3";"21,2";"71,0";"77,0";"71,0";"16,3";"17,1";"16,3";"918,7";"918,9";"918,7";"0,1";"196,0";"2,9";"";"0,0"
"09/04/2026";"0000";"20,5";"21,8";"20,4";"83,0";"83,0";"71,0";"17,5";"17,7";"16,2";"919,0";"919,0";"918,7";"0,1";"350,0";"2,2";"";"0,0"
"09/04/2026";"0100";"20,6";"20,9";"20,4";"84,0";"84,0";"82,0";"17,8";"18,0";"17,5";"919,0";"919,1";"918,9";"0,3";"319,0";"1,3";"";"0,0"
"09/04/2026";"0200";"20,3";"20,7";"20,1";"86,0";"87,0";"83,0";"17,9";"17,9";"17,7";"918,8";"919,0";"918,8";"0,0";"335,0";"1,4";"";"0,0"
"09/04/2026";"0300";"20,1";"20,5";"20,1";"85,0";"86,0";"84,0";"17,5";"17,9";"17,5";"918,5";"918,9";"918,5";"0,0";"295,0";"0,3";"";"0,0"
"09/04/2026";"0400";"20,0";"20,6";"20,0";"85,0";"85,0";"83,0";"17,5";"17,7";"17,3";"917,9";"918,5";"917,9";"0,0";"332,0";"0,0";"";"0,0"
"09/04/2026";"0500";"19,8";"20,0";"19,6";"87,0";"88,0";"85,0";"17,7";"17,7";"17,3";"917,5";"917,9";"917,4";"0,0";"20,0";"0,0";"";"0,0"
"09/04/2026";"0600";"19,4";"20,0";"19,3";"88,0";"88,0";"87,0";"17,4";"17,8";"17,2";"917,3";"917,5";"917,3";"0,0";"53,0";"0,0";"";"0,0"
"09/04/2026";"0700";"19,3";"19,8";"19,3";"89,0";"89,0";"87,0";"17,4";"17,7";"17,4";"917,4";"917,5";"917,2";"0,0";"301,0";"0,0";"";"0,0"
"09/04/2026";"0800";"19,6";"19,7";"19,3";"90,0";"90,0";"89,0";"18,0";"18,0";"17,4";"917,8";"917,8";"917,4";"0,0";"205,0";"0,0";"";"0,0"
"09/04/2026";"0900";"19,8";"19,8";"19,3";"89,0";"90,0";"89,0";"17,9";"18,1";"17,6";"918,2";"918,2";"917,8";"0,0";"251,0";"0,0";"";"0,0"
"09/04/2026";"1000";"19,8";"19,8";"19,3";"89,0";"89,0";"88,0";"17,9";"17,9";"17,3";"918,7";"918,7";"918,2";"0,0";"59,0";"0,0";"51,20";"0,0"
"09/04/2026";"1100";"23,4";"23,4";"19,8";"72,0";"89,0";"72,0";"18,1";"19,1";"18,0";"919,0";"919,0";"918,7";"0,0";"55,0";"0,0";"745,20";"0,0"
"09/04/2026";"1200";"25,7";"25,8";"23,4";"64,0";"74,0";"59,0";"18,5";"19,1";"17,0";"919,3";"919,3";"919,0";"0,4";"338,0";"2,0";"1587,00";"0,0"
"09/04/2026";"1300";"27,4";"27,4";"25,4";"53,0";"64,0";"53,0";"16,9";"18,9";"16,5";"919,2";"919,3";"919,2";"0,8";"333,0";"2,7";"2264,90";"0,0"
"09/04/2026";"1400";"29,3";"29,4";"27,1";"49,0";"58,0";"47,0";"17,4";"18,6";"15,5";"918,7";"919,2";"918,7";"1,3";"348,0";"4,3";"2691,20";"0,0"
"09/04/2026";"1500";"28,8";"30,5";"26,8";"48,0";"58,0";"42,0";"16,6";"18,6";"15,2";"917,8";"918,7";"917,8";"1,2";"281,0";"5,1";"2137,70";"0,0"
"09/04/2026";"1600";"27,0";"30,6";"27,0";"53,0";"53,0";"41,0";"16,4";"18,3";"15,6";"917,0";"917,8";"917,0";"2,5";"255,0";"5,5";"1961,10";"0,0"
"09/04/2026";"1700";"31,0";"31,0";"26,9";"42,0";"58,0";"41,0";"16,7";"19,3";"15,6";"916,0";"917,0";"916,0";"1,9";"259,0";"6,0";"2017,70";"0,0"
"09/04/2026";"1800";"30,5";"31,6";"29,8";"41,0";"48,0";"40,0";"15,6";"17,6";"15,2";"915,6";"916,0";"915,5";"1,2";"202,0";"6,0";"2580,10";"0,0"
"09/04/2026";"1900";"29,7";"30,6";"27,7";"42,0";"51,0";"39,0";"15,4";"17,2";"15,0";"915,3";"915,6";"915,3";"1,0";"242,0";"4,8";"924,90";"0,0"
"09/04/2026";"2000";"26,6";"29,7";"26,6";"52,0";"52,0";"42,0";"15,9";"16,5";"15,1";"916,0";"916,0";"915,3";"0,8";"207,0";"5,3";"270,50";"0,0"
"09/04/2026";"2100";"26,1";"26,7";"26,0";"55,0";"56,0";"51,0";"16,4";"16,5";"15,7";"916,5";"916,6";"916,0";"1,3";"236,0";"3,6";"27,00";"0,0"
"09/04/2026";"2200";"24,1";"26,1";"24,1";"71,0";"71,0";"55,0";"18,5";"18,6";"16,4";"917,2";"917,3";"916,5";"1,7";"279,0";"7,8";"";"0,0"
"09/04/2026";"2300";"21,8";"24,1";"21,7";"80,0";"82,0";"71,0";"18,3";"18,7";"18,3";"918,1";"918,1";"917,2";"0,8";"353,0";"4,5";"";"0,0"
"10/04/2026";"0000";"22,0";"22,5";"21,5";"80,0";"85,0";"79,0";"18,5";"19,0";"18,2";"918,6";"918,6";"918,1";"0,2";"120,0";"2,9";"";"0,0"
"10/04/2026";"0100";"20,6";"22,0";"20,6";"85,0";"85,0";"80,0";"18,1";"18,5";"18,0";"918,5";"918,6";"918,3";"0,9";"330,0";"2,9";"";"0,0"
"10/04/2026";"0200";"20,0";"20,6";"20,0";"87,0";"87,0";"85,0";"17,8";"18,1";"17,7";"918,5";"918,6";"918,5";"0,3";"354,0";"2,1";"";"0,0"
"10/04/2026";"0300";"19,7";"20,0";"19,5";"89,0";"89,0";"87,0";"17,8";"18,0";"17,6";"918,5";"918,6";"918,5";"0,1";"222,0";"1,5";"";"0,0"
"10/04/2026";"0400";"20,2";"20,2";"19,5";"86,0";"89,0";"86,0";"17,8";"18,1";"17,5";"918,2";"918,6";"918,2";"0,0";"113,0";"0,8";"";"0,0"
"10/04/2026";"0500";"19,6";"20,2";"19,6";"88,0";"88,0";"86,0";"17,5";"17,8";"17,3";"917,8";"918,2";"917,8";"0,0";"63,0";"0,3";"";"0,0"
"10/04/2026";"0600";"19,6";"20,4";"19,5";"89,0";"89,0";"86,0";"17,6";"18,2";"17,3";"917,5";"917,8";"917,5";"0,0";"306,0";"0,0";"";"0,0"
"10/04/2026";"0700";"19,6";"20,0";"19,5";"89,0";"89,0";"87,0";"17,7";"18,0";"17,5";"917,7";"917,8";"917,5";"0,0";"56,0";"0,0";"";"0,0"
"10/04/2026";"0800";"18,8";"19,6";"18,7";"91,0";"91,0";"89,0";"17,3";"17,8";"17,1";"918,1";"918,1";"917,6";"0,0";"23,0";"0,8";"";"0,0"
"10/04/2026";"0900";"20,3";"20,5";"18,8";"84,0";"92,0";"84,0";"17,5";"18,5";"17,3";"918,5";"918,6";"918,1";"0,6";"108,0";"2,9";"";"0,0"
"10/04/2026";"1000";"20,1";"20,5";"20,1";"84,0";"84,0";"83,0";"17,3";"17,5";"17,2";"919,1";"919,1";"918,5";"0,6";"88,0";"4,1";"78,80";"0,0"
"10/04/2026";"1100";"22,6";"22,6";"20,0";"75,0";"84,0";"75,0";"18,0";"18,1";"17,3";"920,0";"920,0";"919,1";"0,8";"117,0";"4,2";"669,30";"0,0"
"10/04/2026";"1200";"23,9";"23,9";"22,5";"71,0";"76,0";"69,0";"18,2";"18,4";"17,6";"920,4";"920,4";"920,0";"1,9";"117,0";"5,7";"1578,70";"0,0"
"10/04/2026";"1300";"26,1";"26,3";"23,9";"64,0";"71,0";"61,0";"18,7";"19,7";"17,6";"920,5";"920,5";"920,3";"1,8";"88,0";"6,1";"2358,40";"0,0"
"10/04/2026";"1400";"27,0";"27,9";"26,0";"62,0";"65,0";"57,0";"19,2";"19,9";"17,9";"920,0";"920,5";"920,0";"0,8";"81,0";"6,1";"2546,90";"0,0"
"10/04/2026";"1500";"28,3";"29,1";"25,6";"55,0";"65,0";"51,0";"18,5";"19,7";"17,4";"919,6";"920,0";"919,6";"1,5";"56,0";"4,7";"2544,90";"0,0"
"10/04/2026";"1600";"29,3";"29,7";"27,8";"50,0";"57,0";"49,0";"17,8";"19,7";"17,3";"918,4";"919,6";"918,4";"1,3";"21,0";"4,6";"2983,40";"0,0"
"10/04/2026";"1700";"30,2";"30,6";"28,9";"47,0";"53,0";"42,0";"17,5";"19,0";"16,1";"917,4";"918,4";"917,4";"1,3";"338,0";"4,7";"2977,60";"0,0"
"10/04/2026";"1800";"28,6";"30,7";"28,6";"47,0";"50,0";"42,0";"16,2";"18,3";"15,8";"916,6";"917,4";"916,6";"0,7";"349,0";"4,4";"2325,70";"0,0"
"10/04/2026";"1900";"26,0";"28,6";"25,8";"66,0";"69,0";"47,0";"19,2";"19,6";"16,5";"916,7";"916,7";"916,5";"1,1";"28,0";"4,1";"486,80";"0,0"
"10/04/2026";"2000";"23,3";"26,2";"23,3";"75,0";"75,0";"63,0";"18,6";"19,8";"18,0";"917,3";"917,3";"916,7";"1,9";"14,0";"4,6";"202,70";"0,4"
"10/04/2026";"2100";"21,7";"23,2";"21,1";"91,0";"91,0";"75,0";"20,1";"20,3";"18,5";"917,9";"917,9";"917,2";"1,3";"140,0";"5,4";"34,30";"5,6"
"10/04/2026";"2200";"21,2";"21,8";"20,3";"90,0";"91,0";"87,0";"19,5";"20,2";"18,4";"918,2";"918,3";"917,9";"0,3";"124,0";"4,5";"";"0,4"
"10/04/2026";"2300";"21,8";"22,2";"21,2";"86,0";"90,0";"85,0";"19,3";"20,0";"19,3";"918,8";"919,0";"918,2";"0,8";"104,0";"2,9";"";"0,0"
"11/04/2026";"0000";"21,6";"22,1";"21,4";"85,0";"87,0";"82,0";"19,0";"19,5";"18,8";"920,0";"920,0";"918,7";"1,0";"127,0";"4,1";"";"0,0"
"11/04/2026";"0100";"19,9";"21,7";"19,9";"88,0";"90,0";"85,0";"17,9";"19,4";"17,9";"920,6";"920,6";"919,7";"2,2";"150,0";"7,6";"";"1,6"
"11/04/2026";"0200";"19,3";"19,9";"19,3";"91,0";"91,0";"88,0";"17,8";"18,0";"17,7";"921,0";"921,0";"920,4";"0,2";"307,0";"8,0";"";"3,0"
"11/04/2026";"0300";"19,0";"19,3";"18,9";"92,0";"92,0";"91,0";"17,6";"17,8";"17,5";"921,2";"921,4";"920,7";"0,5";"26,0";"3,3";"";"1,2"
"11/04/2026";"0400";"18,9";"19,2";"18,8";"92,0";"92,0";"92,0";"17,6";"17,9";"17,5";"920,8";"921,2";"920,7";"0,1";"53,0";"2,4";"";"0,4"
"11/04/2026";"0500";"19,5";"19,6";"18,8";"92,0";"92,0";"92,0";"18,3";"18,3";"17,5";"920,2";"920,8";"920,2";"0,9";"113,0";"2,4";"";"0,0"
"11/04/2026";"0600";"19,4";"19,7";"19,3";"92,0";"92,0";"92,0";"18,1";"18,4";"18,0";"920,0";"920,2";"920,0";"0,6";"103,0";"2,7";"";"0,0"
"11/04/2026";"0700";"19,4";"19,4";"19,3";"92,0";"92,0";"92,0";"18,1";"18,2";"18,0";"920,0";"920,2";"920,0";"1,7";"113,0";"3,6";"";"0,0"
"11/04/2026";"0800";"19,2";"19,5";"19,2";"91,0";"92,0";"91,0";"17,7";"18,2";"17,7";"920,2";"920,2";"919,9";"2,2";"114,0";"5,0";"";"0,0"
"11/04/2026";"0900";"19,2";"19,4";"19,1";"89,0";"91,0";"88,0";"17,3";"17,8";"17,3";"920,3";"920,4";"920,1";"2,1";"101,0";"6,1";"1,50";"0,0"
"11/04/2026";"1000";"19,1";"19,4";"19,0";"88,0";"90,0";"87,0";"17,1";"17,4";"17,1";"921,2";"921,2";"920,3";"2,4";"106,0";"5,8";"66,60";"0,0"
"11/04/2026";"1100";"19,7";"20,0";"19,0";"84,0";"89,0";"82,0";"16,8";"17,3";"16,8";"921,7";"921,8";"921,2";"1,9";"111,0";"7,3";"611,60";"0,0"
"11/04/2026";"1200";"20,9";"20,9";"19,7";"79,0";"85,0";"79,0";"17,2";"17,6";"17,0";"922,3";"922,4";"921,7";"2,2";"105,0";"6,9";"950,40";"0,0"
"11/04/2026";"1300";"21,5";"22,2";"20,7";"76,0";"82,0";"74,0";"17,1";"17,9";"16,9";"922,3";"922,5";"922,3";"2,7";"109,0";"7,2";"1603,00";"0,0"
"11/04/2026";"1400";"23,0";"23,9";"21,5";"71,0";"79,0";"66,0";"17,5";"18,8";"16,9";"922,1";"922,3";"922,1";"1,3";"114,0";"7,2";"2167,80";"0,0"
"11/04/2026";"1500";"24,3";"24,7";"22,5";"70,0";"76,0";"67,0";"18,5";"18,7";"17,2";"921,7";"922,1";"921,6";"1,6";"92,0";"6,3";"1843,20";"0,0"
"11/04/2026";"1600";"23,7";"26,3";"23,4";"69,0";"72,0";"59,0";"17,6";"19,1";"16,5";"921,2";"921,7";"921,2";"1,6";"108,0";"5,0";"2710,70";"0,0"
"11/04/2026";"1700";"27,2";"27,2";"23,4";"59,0";"71,0";"57,0";"18,6";"19,0";"17,0";"920,6";"921,2";"920,6";"1,3";"82,0";"6,3";"2775,50";"0,0"
"11/04/2026";"1800";"24,9";"27,3";"24,2";"61,0";"67,0";"56,0";"16,9";"18,4";"16,6";"920,3";"920,7";"920,3";"1,7";"104,0";"6,8";"2058,10";"0,0"
"11/04/2026";"1900";"24,6";"25,0";"23,7";"62,0";"67,0";"61,0";"17,0";"17,9";"16,6";"920,2";"920,3";"920,1";"2,0";"80,0";"6,0";"1026,10";"0,0"
"11/04/2026";"2000";"22,4";"24,6";"22,3";"73,0";"73,0";"61,0";"17,2";"17,6";"16,7";"920,5";"920,6";"920,2";"2,6";"93,0";"6,3";"298,50";"0,0"
"11/04/2026";"2100";"21,5";"22,4";"21,5";"73,0";"73,0";"70,0";"16,5";"17,0";"16,4";"920,9";"921,0";"920,5";"2,0";"104,0";"6,8";"52,80";"0,0"
"11/04/2026";"2200";"20,6";"21,5";"20,6";"77,0";"77,0";"73,0";"16,4";"16,6";"16,4";"921,4";"921,4";"920,9";"1,5";"99,0";"5,1";"";"0,0"
"11/04/2026";"2300";"20,3";"21,1";"20,3";"79,0";"79,0";"75,0";"16,6";"16,7";"16,3";"922,1";"922,1";"921,4";"1,6";"129,0";"4,7";"";"0,0"
"12/04/2026";"0000";"19,8";"20,4";"19,8";"80,0";"81,0";"78,0";"16,2";"16,7";"16,2";"922,6";"922,6";"922,1";"1,9";"119,0";"5,6";"";"0,0"
"12/04/2026";"0100";"19,4";"20,0";"19,4";"80,0";"80,0";"78,0";"15,9";"16,3";"15,8";"922,6";"922,7";"922,5";"1,7";"136,0";"5,2";"";"0,0"
"12/04/2026";"0200";"19,1";"19,5";"19,0";"81,0";"82,0";"79,0";"15,8";"16,0";"15,7";"922,6";"922,7";"922,6";"2,2";"128,0";"8,3";"";"0,0"
"12/04/2026";"0300";"19,0";"19,3";"18,8";"79,0";"82,0";"79,0";"15,4";"15,8";"15,3";"922,5";"922,6";"922,5";"1,5";"119,0";"6,2";"";"0,0"
"12/04/2026";"0400";"18,9";"19,0";"18,6";"79,0";"81,0";"78,0";"15,0";"15,4";"15,0";"922,0";"922,5";"922,0";"1,0";"118,0";"4,9";"";"0,0"
"12/04/2026";"0500";"17,9";"18,9";"17,0";"84,0";"88,0";"79,0";"15,2";"15,5";"14,7";"921,9";"922,0";"921,8";"0,7";"96,0";"3,0";"";"0,0"
"12/04/2026";"0600";"17,5";"18,1";"17,4";"84,0";"84,0";"82,0";"14,7";"15,2";"14,6";"921,5";"921,9";"921,5";"1,8";"144,0";"4,7";"";"0,0"
"12/04/2026";"0700";"17,7";"18,1";"17,5";"81,0";"84,0";"80,0";"14,4";"14,8";"14,4";"921,7";"921,7";"921,4";"1,2";"116,0";"4,7";"";"0,0"
"12/04/2026";"0800";"15,7";"17,8";"15,7";"88,0";"88,0";"81,0";"13,7";"14,7";"13,7";"922,1";"922,1";"921,6";"0,3";"24,0";"3,5";"";"0,0"
"12/04/2026";"0900";"17,8";"17,8";"15,6";"83,0";"90,0";"82,0";"14,8";"14,9";"13,7";"922,8";"922,8";"922,1";"0,9";"95,0";"4,3";"";"0,0"
"12/04/2026";"1000";"18,3";"18,3";"17,7";"80,0";"84,0";"80,0";"14,8";"15,1";"14,7";"923,4";"923,5";"922,8";"1,0";"105,0";"4,0";"70,20";"0,0"
"12/04/2026";"1100";"19,1";"19,1";"18,2";"76,0";"82,0";"76,0";"14,7";"15,4";"14,7";"923,8";"923,8";"923,4";"1,6";"114,0";"6,0";"341,20";"0,0"
"12/04/2026";"1200";"20,9";"21,9";"19,1";"69,0";"79,0";"64,0";"15,1";"15,4";"14,6";"924,1";"924,1";"923,8";"1,9";"106,0";"6,4";"1485,20";"0,0"
"12/04/2026";"1300";"21,8";"22,7";"20,9";"69,0";"69,0";"61,0";"15,9";"16,2";"14,5";"924,2";"924,3";"924,0";"1,9";"117,0";"6,5";"1819,60";"0,0"
"12/04/2026";"1400";"22,7";"24,3";"21,5";"63,0";"71,0";"60,0";"15,3";"17,1";"14,8";"923,6";"924,3";"923,6";"1,6";"73,0";"5,6";"1410,10";"0,0"
"12/04/2026";"1500";"24,9";"26,4";"22,2";"54,0";"72,0";"50,0";"14,9";"17,3";"14,1";"922,6";"923,6";"922,6";"1,5";"78,0";"6,4";"2158,40";"0,0"
"12/04/2026";"1600";"23,0";"24,9";"22,9";"64,0";"67,0";"54,0";"15,9";"16,5";"14,8";"921,7";"922,6";"921,7";"1,9";"97,0";"6,1";"1540,10";"0,0"
"12/04/2026";"1700";"26,3";"27,3";"23,0";"51,0";"68,0";"49,0";"15,5";"17,2";"14,6";"920,9";"921,7";"920,9";"1,7";"77,0";"6,2";"2878,30";"0,0"
"12/04/2026";"1800";"23,1";"27,5";"23,1";"63,0";"63,0";"49,0";"15,7";"17,0";"14,2";"920,7";"920,9";"920,6";"1,8";"88,0";"6,2";"1836,00";"0,0"
"12/04/2026";"1900";"25,3";"25,4";"22,5";"55,0";"68,0";"55,0";"15,6";"16,9";"15,4";"920,4";"920,7";"920,4";"1,8";"65,0";"6,1";"383,80";"0,0"
"12/04/2026";"2000";"22,7";"25,4";"22,1";"65,0";"71,0";"52,0";"15,7";"16,5";"14,8";"920,4";"920,5";"920,3";"1,5";"82,0";"6,0";"255,40";"0,0"
"12/04/2026";"2100";"21,8";"22,7";"21,6";"68,0";"70,0";"65,0";"15,5";"15,9";"15,4";"921,0";"921,0";"920,4";"1,3";"104,0";"4,5";"46,10";"0,0"
"12/04/2026";"2200";"20,7";"21,8";"20,7";"71,0";"71,0";"67,0";"15,2";"15,6";"15,1";"921,1";"921,1";"921,0";"1,3";"90,0";"3,3";"";"0,0"
"12/04/2026";"2300";"20,3";"20,9";"20,3";"75,0";"75,0";"71,0";"15,7";"15,9";"15,2";"921,4";"921,5";"921,1";"0,9";"97,0";"4,5";"";"0,0"
"13/04/2026";"0000";"20,1";"20,7";"20,1";"73,0";"76,0";"72,0";"15,0";"15,8";"15,0";"921,5";"921,6";"921,4";"1,0";"103,0";"4,3";"";"0,0"
"13/04/2026";"0100";"19,0";"20,3";"19,0";"77,0";"77,0";"72,0";"15,0";"15,1";"14,8";"921,4";"921,5";"921,4";"0,1";"115,0";"3,3";"";"0,0"
"13/04/2026";"0200";"19,5";"19,8";"18,8";"76,0";"80,0";"75,0";"15,1";"15,4";"14,9";"921,1";"921,4";"921,1";"1,0";"117,0";"2,7";"";"0,0"
"13/04/2026";"0300";"17,6";"19,4";"17,4";"86,0";"87,0";"76,0";"15,3";"15,4";"14,7";"921,0";"921,2";"920,8";"0,5";"124,0";"2,6";"";"0,0"
"13/04/2026";"0400";"17,0";"17,7";"16,9";"90,0";"90,0";"85,0";"15,3";"15,3";"14,7";"920,6";"921,0";"920,6";"0,3";"17,0";"1,7";"";"0,0"
"13/04/2026";"0500";"16,6";"17,0";"16,4";"91,0";"91,0";"90,0";"15,1";"15,3";"14,8";"920,4";"920,6";"920,4";"0,1";"264,0";"1,4";"";"0,0"
"13/04/2026";"0600";"18,2";"18,2";"16,4";"84,0";"92,0";"84,0";"15,4";"16,1";"14,9";"919,6";"920,4";"919,6";"0,2";"110,0";"2,5";"";"0,0"
"13/04/2026";"0700";"18,1";"18,3";"17,9";"83,0";"84,0";"83,0";"15,2";"15,3";"15,1";"919,4";"919,6";"919,3";"1,3";"114,0";"4,0";"";"0,0"
"13/04/2026";"0800";"17,8";"18,3";"17,3";"85,0";"86,0";"82,0";"15,2";"15,6";"14,9";"919,8";"919,8";"919,4";"0,2";"91,0";"3,7";"";"0,0"
"13/04/2026";"0900";"18,6";"18,7";"17,8";"82,0";"85,0";"81,0";"15,4";"15,5";"15,2";"920,3";"920,3";"919,8";"1,0";"103,0";"3,6";"";"0,0"
"13/04/2026";"1000";"18,9";"19,0";"18,5";"82,0";"83,0";"81,0";"15,8";"15,8";"15,4";"920,9";"920,9";"920,2";"1,1";"112,0";"4,2";"74,80";"0,0"
"13/04/2026";"1100";"20,0";"20,0";"18,9";"80,0";"83,0";"78,0";"16,4";"16,6";"15,8";"921,4";"921,4";"920,9";"1,4";"100,0";"4,5";"485,20";"0,0"
"13/04/2026";"1200";"21,5";"22,3";"20,0";"70,0";"80,0";"68,0";"15,7";"17,0";"15,4";"921,8";"921,8";"921,3";"0,9";"84,0";"5,9";"1344,50";"0,0"
"13/04/2026";"1300";"22,1";"22,7";"21,3";"71,0";"75,0";"66,0";"16,6";"17,1";"15,8";"922,1";"922,1";"921,7";"1,0";"92,0";"4,4";"1265,10";"0,0"
"13/04/2026";"1400";"23,6";"25,1";"21,8";"60,0";"74,0";"57,0";"15,4";"17,7";"15,0";"921,5";"922,1";"921,5";"0,9";"58,0";"4,9";"2164,60";"0,0"
"13/04/2026";"1500";"25,9";"26,6";"23,6";"51,0";"66,0";"51,0";"15,1";"17,6";"14,7";"920,8";"921,5";"920,8";"1,0";"25,0";"4,2";"2285,70";"0,0"
"13/04/2026";"1600";"26,1";"27,5";"25,5";"50,0";"55,0";"46,0";"14,8";"16,9";"13,9";"919,9";"920,8";"919,9";"0,5";"7,0";"4,1";"3286,40";"0,0"
"13/04/2026";"1700";"26,3";"28,0";"24,4";"51,0";"63,0";"41,0";"15,3";"17,3";"12,9";"919,0";"919,8";"919,0";"1,1";"121,0";"4,1";"2556,80";"0,0"
"13/04/2026";"1800";"24,5";"27,8";"24,3";"58,0";"59,0";"45,0";"15,8";"17,2";"14,4";"918,4";"919,0";"918,4";"0,7";"17,0";"4,3";"1645,80";"0,0"
"13/04/2026";"1900";"27,5";"27,9";"24,5";"45,0";"58,0";"45,0";"14,5";"16,3";"14,4";"918,0";"918,4";"917,9";"0,5";"308,0";"4,5";"1234,20";"0,0"
"13/04/2026";"2000";"23,5";"27,6";"23,4";"65,0";"66,0";"45,0";"16,5";"16,7";"14,7";"918,3";"918,3";"918,0";"1,2";"38,0";"4,2";"305,40";"0,0"
"13/04/2026";"2100";"22,4";"23,5";"22,4";"71,0";"71,0";"64,0";"16,9";"17,3";"16,3";"918,4";"918,5";"918,3";"1,4";"56,0";"4,8";"52,80";"0,0"
"13/04/2026";"2200";"22,0";"22,5";"21,9";"70,0";"72,0";"68,0";"16,4";"17,0";"16,3";"919,0";"919,0";"918,4";"1,4";"111,0";"6,1";"";"0,0"
"13/04/2026";"2300";"21,9";"22,3";"21,8";"70,0";"72,0";"69,0";"16,1";"16,5";"16,0";"919,6";"919,6";"919,0";"1,1";"85,0";"5,7";"";"0,0"
"14/04/2026";"0000";"21,0";"21,9";"21,0";"75,0";"76,0";"68,0";"16,3";"16,7";"15,8";"919,8";"919,9";"919,6";"1,1";"96,0";"3,7";"";"0,0"
"14/04/2026";"0100";"20,0";"20,9";"20,0";"79,0";"79,0";"75,0";"16,3";"16,5";"16,2";"919,7";"919,9";"919,6";"2,1";"124,0";"5,4";"";"0,0"
"14/04/2026";"0200";"19,5";"20,1";"19,3";"80,0";"80,0";"78,0";"16,0";"16,3";"15,9";"919,3";"919,7";"919,3";"1,2";"90,0";"5,3";"";"0,0"
"14/04/2026";"0300";"18,9";"19,5";"18,8";"80,0";"81,0";"79,0";"15,3";"16,0";"15,2";"919,2";"919,4";"919,1";"1,7";"115,0";"5,3";"";"0,0"
"14/04/2026";"0400";"18,6";"19,2";"18,5";"79,0";"80,0";"77,0";"14,9";"15,3";"14,8";"919,0";"919,3";"919,0";"1,2";"142,0";"4,7";"";"0,0"
"14/04/2026";"0500";"18,8";"19,1";"18,4";"77,0";"80,0";"76,0";"14,8";"15,1";"14,7";"918,3";"919,0";"918,3";"1,2";"128,0";"3,2";"";"0,0"
"14/04/2026";"0600";"17,3";"18,9";"17,2";"86,0";"86,0";"77,0";"14,9";"15,2";"14,4";"918,2";"918,3";"918,2";"0,2";"50,0";"2,8";"";"0,0"
"14/04/2026";"0700";"16,6";"17,3";"16,6";"89,0";"89,0";"86,0";"14,8";"15,1";"14,7";"918,1";"918,2";"918,1";"0,1";"16,0";"1,5";"";"0,0"
"14/04/2026";"0800";"16,7";"17,0";"16,5";"91,0";"91,0";"89,0";"15,1";"15,5";"14,8";"918,2";"918,2";"917,9";"0,0";"189,0";"1,4";"";"0,0"
"14/04/2026";"0900";"17,5";"17,5";"16,5";"91,0";"92,0";"91,0";"16,0";"16,1";"15,0";"918,6";"918,6";"918,2";"0,2";"132,0";"1,9";"";"0,0"
"14/04/2026";"1000";"18,9";"18,9";"17,4";"82,0";"91,0";"82,0";"15,7";"16,0";"15,3";"919,6";"919,6";"918,6";"1,2";"118,0";"3,0";"95,90";"0,0"
"14/04/2026";"1100";"20,7";"20,7";"18,9";"74,0";"82,0";"72,0";"15,8";"16,1";"15,5";"920,0";"920,0";"919,6";"1,4";"101,0";"3,9";"608,60";"0,0"
"14/04/2026";"1200";"22,0";"22,0";"20,7";"70,0";"74,0";"69,0";"16,2";"16,4";"15,6";"920,0";"920,1";"920,0";"1,5";"100,0";"5,0";"1588,20";"0,0"
"14/04/2026";"1300";"24,1";"24,1";"22,0";"59,0";"72,0";"59,0";"15,6";"16,5";"15,0";"919,8";"920,2";"919,8";"1,9";"82,0";"5,8";"2095,50";"0,0"
"14/04/2026";"1400";"25,3";"25,5";"23,1";"57,0";"66,0";"54,0";"16,1";"16,7";"14,8";"919,0";"919,8";"919,0";"1,1";"52,0";"6,1";"1987,30";"0,0"
"14/04/2026";"1500";"26,7";"26,9";"23,7";"50,0";"63,0";"48,0";"15,4";"17,4";"13,9";"918,0";"919,0";"918,0";"1,0";"20,0";"5,0";"2349,90";"0,0"
"14/04/2026";"1600";"26,4";"27,4";"24,5";"49,0";"59,0";"47,0";"14,7";"16,5";"13,7";"917,3";"918,0";"917,3";"1,3";"14,0";"4,7";"2579,50";"0,0"
"14/04/2026";"1700";"24,3";"26,5";"24,3";"58,0";"58,0";"48,0";"15,6";"16,0";"14,0";"916,6";"917,3";"916,6";"0,6";"39,0";"5,8";"1420,70";"0,0"
"14/04/2026";"1800";"21,2";"24,3";"21,2";"71,0";"73,0";"57,0";"15,8";"16,1";"14,3";"916,5";"916,6";"916,4";"1,2";"247,0";"3,2";"66,90";"0,0"
"14/04/2026";"1900";"20,7";"21,5";"20,3";"78,0";"83,0";"68,0";"16,8";"17,5";"15,4";"916,5";"916,6";"916,3";"0,5";"132,0";"2,6";"60,20";"0,2"
"14/04/2026";"2000";"21,4";"21,5";"20,6";"77,0";"82,0";"75,0";"17,3";"18,0";"16,6";"916,7";"916,8";"916,5";"0,7";"149,0";"2,7";"111,20";"0,2"
"14/04/2026";"2100";"21,7";"21,8";"21,2";"67,0";"79,0";"65,0";"15,2";"17,4";"15,0";"916,9";"916,9";"916,7";"1,4";"109,0";"3,5";"38,30";"0,0"
"14/04/2026";"2200";"21,7";"21,8";"21,2";"68,0";"70,0";"66,0";"15,5";"15,6";"15,2";"917,5";"917,5";"916,9";"1,4";"106,0";"4,9";"";"0,0"
"14/04/2026";"2300";"21,6";"21,8";"21,3";"70,0";"71,0";"68,0";"15,8";"16,0";"15,5";"918,0";"918,0";"917,5";"1,5";"111,0";"5,2";"";"0,0"
"15/04/2026";"0000";"20,9";"21,6";"20,9";"71,0";"73,0";"70,0";"15,4";"16,0";"15,4";"918,3";"918,3";"918,0";"1,8";"115,0";"5,5";"";"0,0"
"15/04/2026";"0100";"20,6";"20,9";"20,6";"73,0";"73,0";"71,0";"15,6";"15,7";"15,3";"918,3";"918,3";"918,2";"2,2";"139,0";"5,3";"";"0,0"
"15/04/2026";"0200";"19,6";"20,6";"19,6";"74,0";"74,0";"73,0";"14,8";"15,7";"14,8";"918,3";"918,5";"918,3";"1,4";"113,0";"5,3";"";"0,0"
"15/04/2026";"0300";"19,1";"19,7";"18,8";"73,0";"76,0";"72,0";"14,1";"14,7";"14,1";"918,2";"918,4";"918,2";"0,9";"135,0";"4,4";"";"0,0"
"15/04/2026";"0400";"17,2";"19,2";"16,8";"86,0";"86,0";"71,0";"14,8";"14,9";"13,7";"918,3";"918,3";"918,2";"0,6";"322,0";"3,8";"";"0,0"
"15/04/2026";"0500";"16,0";"17,2";"16,0";"89,0";"89,0";"86,0";"14,1";"14,9";"14,1";"918,1";"918,4";"917,9";"0,7";"287,0";"1,6";"";"0,0"
"15/04/2026";"0600";"15,8";"16,5";"15,8";"90,0";"91,0";"89,0";"14,2";"14,8";"14,1";"917,6";"918,1";"917,6";"0,0";"60,0";"1,6";"";"0,0"
"15/04/2026";"0700";"15,4";"15,8";"15,4";"90,0";"91,0";"90,0";"13,8";"14,3";"13,8";"917,2";"917,6";"917,2";"0,0";"101,0";"0,3";"";"0,0"
"15/04/2026";"0800";"15,2";"15,4";"15,0";"91,0";"92,0";"90,0";"13,8";"13,9";"13,4";"917,5";"917,6";"917,1";"0,0";"76,0";"1,0";"";"0,0"
"15/04/2026";"0900";"15,3";"16,5";"15,2";"84,0";"91,0";"82,0";"12,7";"14,2";"12,7";"918,0";"918,0";"917,5";"0,3";"64,0";"2,4";"";"0,0"
"15/04/2026";"1000";"17,7";"17,8";"15,1";"75,0";"89,0";"75,0";"13,3";"13,8";"12,7";"918,8";"918,8";"918,0";"0,9";"114,0";"2,4";"97,80";"0,0"
"15/04/2026";"1100";"19,4";"19,5";"17,7";"74,0";"76,0";"72,0";"14,5";"14,6";"13,3";"919,6";"919,6";"918,8";"1,9";"108,0";"5,6";"587,50";"0,0"
"15/04/2026";"1200";"20,5";"20,5";"19,4";"72,0";"76,0";"70,0";"15,2";"15,4";"14,5";"920,5";"920,6";"919,6";"2,4";"117,0";"6,0";"1196,50";"0,0"
"15/04/2026";"1300";"22,5";"22,5";"20,4";"65,0";"74,0";"62,0";"15,6";"16,0";"14,7";"920,6";"920,8";"920,5";"2,0";"125,0";"6,7";"2203,40";"0,0"
"15/04/2026";"1400";"25,0";"25,3";"22,0";"55,0";"67,0";"54,0";"15,5";"16,5";"14,3";"920,3";"920,7";"920,2";"1,5";"96,0";"5,6";"2760,50";"0,0"
"15/04/2026";"1500";"24,9";"26,3";"23,8";"54,0";"60,0";"46,0";"14,9";"16,9";"13,0";"919,4";"920,3";"919,4";"1,0";"66,0";"5,5";"2775,20";"0,0"
"15/04/2026";"1600";"25,6";"27,1";"23,7";"43,0";"56,0";"43,0";"12,2";"16,0";"12,0";"918,7";"919,4";"918,7";"1,1";"22,0";"4,7";"2249,90";"0,0"
"15/04/2026";"1700";"27,3";"27,9";"25,0";"43,0";"51,0";"41,0";"13,8";"15,1";"12,2";"917,8";"918,7";"917,8";"0,7";"289,0";"3,9";"2876,00";"0,0"
"15/04/2026";"1800";"24,3";"28,6";"24,1";"55,0";"61,0";"41,0";"14,6";"16,5";"13,1";"917,5";"917,9";"917,5";"0,4";"338,0";"3,4";"1589,90";"0,0"
"15/04/2026";"1900";"25,6";"26,0";"23,5";"58,0";"72,0";"51,0";"16,7";"18,4";"14,5";"917,1";"917,5";"917,1";"0,8";"329,0";"1,8";"473,90";"0,0"
"15/04/2026";"2000";"24,2";"26,0";"24,2";"57,0";"64,0";"48,0";"15,1";"18,3";"13,0";"916,9";"917,1";"916,9";"0,1";"341,0";"2,6";"413,50";"0,0"
"15/04/2026";"2100";"23,1";"24,2";"22,7";"52,0";"68,0";"52,0";"12,7";"16,7";"12,5";"917,0";"917,0";"916,9";"1,6";"241,0";"5,2";"89,10";"0,0"
"15/04/2026";"2200";"22,3";"23,5";"22,3";"53,0";"57,0";"50,0";"12,2";"13,4";"12,2";"917,4";"917,4";"917,0";"0,7";"142,0";"5,2";"";"0,0"
"15/04/2026";"2300";"21,6";"22,6";"21,6";"64,0";"64,0";"52,0";"14,5";"14,5";"12,2";"917,7";"917,8";"917,3";"2,2";"134,0";"5,7";"";"0,0"
"16/04/2026";"0000";"20,4";"21,5";"20,4";"68,0";"68,0";"63,0";"14,4";"14,5";"14,2";"918,0";"918,0";"917,6";"0,6";"118,0";"5,1";"";"0,0"
"16/04/2026";"0100";"18,8";"20,4";"18,7";"78,0";"79,0";"68,0";"15,0";"15,1";"14,3";"917,9";"918,1";"917,8";"0,0";"99,0";"1,5";"";"0,0"
"16/04/2026";"0200";"18,0";"18,9";"17,9";"82,0";"82,0";"78,0";"15,0";"15,1";"14,7";"918,2";"918,2";"917,9";"0,0";"295,0";"1,6";"";"0,0"
"16/04/2026";"0300";"17,9";"18,1";"17,0";"77,0";"85,0";"77,0";"13,8";"15,0";"13,8";"918,1";"918,2";"918,1";"0,8";"124,0";"4,1";"";"0,0"
"16/04/2026";"0400";"17,5";"19,1";"17,3";"76,0";"77,0";"69,0";"13,2";"13,8";"13,0";"917,7";"918,1";"917,7";"0,2";"95,0";"4,1";"";"0,0"
"16/04/2026";"0500";"17,0";"17,9";"17,0";"78,0";"78,0";"75,0";"13,1";"13,4";"13,0";"917,7";"917,8";"917,7";"0,0";"2,0";"2,1";"";"0,0"
"16/04/2026";"0600";"15,3";"17,0";"15,3";"88,0";"88,0";"78,0";"13,3";"13,6";"13,1";"917,3";"917,7";"917,3";"0,9";"315,0";"1,7";"";"0,0"
"16/04/2026";"0700";"14,9";"15,3";"14,9";"89,0";"89,0";"88,0";"13,1";"13,6";"13,1";"917,4";"917,4";"917,2";"0,5";"310,0";"1,7";"";"0,0"
"16/04/2026";"0800";"14,5";"15,1";"14,5";"90,0";"90,0";"89,0";"12,9";"13,5";"12,9";"917,3";"917,4";"917,2";"0,6";"323,0";"1,3";"";"0,0"
"16/04/2026";"0900";"14,3";"14,6";"14,2";"91,0";"91,0";"90,0";"12,8";"13,1";"12,7";"917,7";"917,7";"917,3";"0,3";"317,0";"1,3";"";"0,0"
"16/04/2026";"1000";"15,6";"15,6";"14,0";"90,0";"91,0";"90,0";"14,0";"14,0";"12,5";"918,1";"918,1";"917,7";"0,1";"309,0";"1,1";"82,50";"0,0"
"16/04/2026";"1100";"20,3";"20,3";"15,6";"67,0";"90,0";"65,0";"14,0";"14,4";"13,3";"918,8";"918,8";"918,1";"0,3";"99,0";"1,4";"590,80";"0,0"
"16/04/2026";"1200";"21,9";"22,2";"20,4";"59,0";"67,0";"56,0";"13,5";"14,4";"12,6";"919,1";"919,2";"918,8";"1,9";"94,0";"5,5";"1646,10";"0,0"
"16/04/2026";"1300";"24,0";"24,2";"21,8";"55,0";"62,0";"53,0";"14,3";"15,2";"13,5";"919,0";"919,1";"919,0";"1,5";"75,0";"5,5";"2327,50";"0,0"
"16/04/2026";"1400";"25,9";"25,9";"24,0";"49,0";"58,0";"49,0";"14,5";"15,9";"13,4";"918,3";"919,0";"918,3";"1,7";"30,0";"5,1";"2784,20";"0,0"
"16/04/2026";"1500";"27,2";"27,2";"23,6";"41,0";"58,0";"38,0";"12,7";"15,4";"11,0";"917,5";"918,3";"917,5";"0,8";"97,0";"3,8";"2097,20";"0,0"
"16/04/2026";"1600";"27,3";"27,9";"24,0";"40,0";"54,0";"38,0";"12,3";"14,7";"11,9";"916,6";"917,5";"916,6";"1,1";"89,0";"3,6";"2766,30";"0,0"
"16/04/2026";"1700";"27,1";"27,7";"24,5";"42,0";"51,0";"35,0";"13,0";"14,4";"10,6";"915,8";"916,6";"915,8";"2,2";"33,0";"5,2";"2289,70";"0,0"
"16/04/2026";"1800";"27,8";"28,5";"26,9";"43,0";"44,0";"35,0";"14,1";"14,5";"11,3";"915,4";"915,8";"915,4";"0,9";"91,0";"4,4";"2505,80";"0,0"
"16/04/2026";"1900";"25,4";"27,7";"23,6";"45,0";"52,0";"36,0";"12,7";"13,9";"11,2";"915,3";"915,4";"915,3";"1,6";"22,0";"3,8";"1025,90";"0,0"
"16/04/2026";"2000";"22,9";"26,3";"22,4";"54,0";"59,0";"42,0";"13,2";"14,1";"11,8";"915,4";"915,4";"915,2";"0,7";"343,0";"3,0";"209,40";"0,0"
"16/04/2026";"2100";"21,9";"22,9";"21,4";"56,0";"58,0";"51,0";"12,7";"13,2";"11,5";"915,5";"915,5";"915,4";"1,2";"33,0";"2,8";"39,90";"0,0"
"16/04/2026";"2200";"20,4";"22,0";"19,9";"68,0";"72,0";"56,0";"14,2";"14,8";"12,7";"916,1";"916,1";"915,5";"0,1";"4,0";"2,8";"";"0,0"
"16/04/2026";"2300";"21,3";"21,3";"20,0";"62,0";"70,0";"62,0";"13,6";"14,5";"13,5";"916,5";"916,5";"916,1";"0,8";"116,0";"2,1";"";"0,0"
"17/04/2026";"0000";"20,2";"21,6";"20,2";"68,0";"68,0";"61,0";"14,1";"14,4";"13,5";"916,7";"916,8";"916,5";"0,2";"64,0";"2,4";"";"0,0"
"17/04/2026";"0100";"19,6";"20,2";"19,6";"72,0";"72,0";"68,0";"14,4";"14,5";"14,1";"916,9";"916,9";"916,7";"0,1";"159,0";"1,7";"";"0,0"
"17/04/2026";"0200";"19,1";"19,6";"19,0";"73,0";"75,0";"72,0";"14,2";"14,5";"14,1";"916,5";"917,0";"916,5";"0,0";"77,0";"1,1";"";"0,0"
"17/04/2026";"0300";"18,2";"19,1";"18,1";"79,0";"79,0";"73,0";"14,4";"14,4";"14,1";"916,0";"916,5";"915,9";"0,0";"6,0";"0,5";"";"0,0"
"17/04/2026";"0400";"17,6";"18,3";"17,6";"81,0";"81,0";"78,0";"14,2";"14,6";"14,2";"915,5";"916,0";"915,5";"0,0";"340,0";"0,0";"";"0,0"
"17/04/2026";"0500";"16,5";"17,6";"16,5";"87,0";"87,0";"81,0";"14,3";"14,5";"14,1";"915,1";"915,6";"915,1";"0,0";"344,0";"1,1";"";"0,0"
"17/04/2026";"0600";"16,5";"16,6";"16,3";"87,0";"88,0";"87,0";"14,3";"14,5";"14,2";"914,7";"915,1";"914,7";"0,0";"180,0";"0,0";"";"0,0"
"17/04/2026";"0700";"15,8";"16,5";"15,8";"89,0";"89,0";"87,0";"14,0";"14,4";"14,0";"914,9";"914,9";"914,7";"0,0";"35,0";"0,0";"";"0,0"
"17/04/2026";"0800";"15,6";"16,1";"15,6";"90,0";"90,0";"89,0";"14,0";"14,4";"13,9";"914,8";"915,0";"914,7";"0,0";"115,0";"0,0";"";"0,0"
"17/04/2026";"0900";"15,7";"15,9";"15,6";"91,0";"91,0";"90,0";"14,2";"14,3";"14,0";"915,4";"915,4";"914,8";"0,0";"60,0";"0,0";"";"0,0"
"17/04/2026";"1000";"16,0";"16,0";"15,6";"90,0";"91,0";"90,0";"14,5";"14,5";"14,0";"916,0";"916,1";"915,4";"0,0";"329,0";"0,0";"97,00";"0,0"
"17/04/2026";"1100";"20,1";"20,1";"16,0";"74,0";"90,0";"74,0";"15,4";"16,4";"14,5";"917,1";"917,1";"916,0";"0,0";"126,0";"1,0";"562,80";"0,0"
"17/04/2026";"1200";"22,8";"22,9";"20,1";"64,0";"76,0";"64,0";"15,7";"16,8";"15,0";"917,8";"917,8";"917,1";"0,8";"92,0";"2,8";"1230,30";"0,0"
"17/04/2026";"1300";"23,9";"24,4";"22,7";"56,0";"65,0";"52,0";"14,7";"16,6";"13,6";"917,8";"918,0";"917,8";"1,0";"21,0";"3,2";"1726,90";"0,0"
"17/04/2026";"1400";"25,2";"25,6";"23,4";"51,0";"61,0";"50,0";"14,5";"16,3";"13,4";"917,1";"917,9";"917,1";"1,2";"49,0";"4,2";"2296,40";"0,0"
"17/04/2026";"1500";"26,2";"26,4";"24,4";"53,0";"56,0";"45,0";"15,9";"16,0";"12,6";"916,3";"917,1";"916,3";"0,8";"355,0";"4,2";"2400,50";"0,0"
"17/04/2026";"1600";"27,3";"27,6";"25,2";"43,0";"54,0";"43,0";"13,6";"15,9";"13,2";"915,5";"916,3";"915,5";"1,4";"347,0";"4,3";"2710,20";"0,0"
"17/04/2026";"1700";"26,8";"28,1";"26,0";"46,0";"48,0";"38,0";"14,1";"14,5";"11,5";"914,5";"915,5";"914,5";"1,0";"9,0";"3,9";"2052,20";"0,0"
"17/04/2026";"1800";"26,8";"27,5";"25,8";"45,0";"50,0";"42,0";"13,9";"15,3";"13,0";"914,1";"914,5";"914,1";"1,4";"321,0";"4,5";"1839,20";"0,0"
"17/04/2026";"1900";"26,6";"27,8";"25,7";"48,0";"51,0";"40,0";"14,5";"15,7";"12,5";"913,7";"914,1";"913,6";"1,7";"313,0";"4,3";"1306,70";"0,0"
"17/04/2026";"2000";"22,5";"26,6";"22,5";"66,0";"66,0";"48,0";"15,7";"15,9";"14,3";"913,9";"913,9";"913,7";"1,0";"314,0";"4,1";"289,10";"0,0"
"17/04/2026";"2100";"20,6";"22,4";"20,6";"65,0";"69,0";"64,0";"13,8";"15,8";"13,8";"914,2";"914,2";"913,9";"0,9";"301,0";"3,1";"36,40";"0,0"
"17/04/2026";"2200";"20,3";"20,7";"20,2";"63,0";"65,0";"62,0";"13,2";"13,9";"13,1";"914,5";"914,5";"914,2";"0,2";"360,0";"2,1";"";"0,0"
"17/04/2026";"2300";"19,7";"20,6";"19,5";"67,0";"68,0";"63,0";"13,5";"13,5";"13,1";"915,0";"915,1";"914,5";"0,8";"317,0";"1,7";"";"0,0"
"18/04/2026";"0000";"20,4";"20,7";"19,6";"65,0";"68,0";"63,0";"13,6";"13,8";"13,4";"915,4";"915,4";"915,0";"0,3";"193,0";"1,6";"";"0,0"
"18/04/2026";"0100";"19,2";"20,4";"19,2";"75,0";"75,0";"65,0";"14,6";"14,6";"13,5";"915,8";"915,8";"915,4";"0,0";"28,0";"0,7";"";"0,0"
"18/04/2026";"0200";"18,9";"19,6";"18,9";"76,0";"76,0";"73,0";"14,5";"15,0";"14,4";"915,8";"915,8";"915,7";"0,1";"129,0";"1,0";"";"0,0"
"18/04/2026";"0300";"17,9";"18,9";"17,8";"83,0";"83,0";"76,0";"15,1";"15,1";"14,5";"915,8";"915,9";"915,7";"0,1";"325,0";"1,0";"";"0,0"
"18/04/2026";"0400";"17,2";"17,9";"17,1";"85,0";"85,0";"83,0";"14,7";"15,1";"14,5";"915,4";"915,8";"915,4";"0,0";"296,0";"0,7";"";"0,0"
"18/04/2026";"0500";"16,8";"17,5";"16,7";"87,0";"87,0";"84,0";"14,5";"14,9";"14,4";"915,0";"915,4";"915,0";"0,0";"8,0";"0,5";"";"0,0"
"18/04/2026";"0600";"16,6";"17,0";"16,6";"88,0";"88,0";"87,0";"14,5";"14,9";"14,5";"914,8";"915,0";"914,7";"0,0";"144,0";"0,0";"";"0,0"
"18/04/2026";"0700";"16,3";"16,8";"16,3";"89,0";"89,0";"88,0";"14,4";"14,7";"14,4";"914,5";"914,8";"914,5";"0,0";"11,0";"0,0";"";"0,0"
"18/04/2026";"0800";"16,1";"16,3";"15,9";"89,0";"90,0";"89,0";"14,4";"14,6";"14,2";"914,8";"914,8";"914,5";"0,0";"194,0";"0,0";"";"0,0"
"18/04/2026";"0900";"15,8";"16,1";"15,7";"91,0";"91,0";"89,0";"14,3";"14,4";"14,1";"915,5";"915,5";"914,8";"0,0";"352,0";"0,0";"";"0,0"
"18/04/2026";"1000";"16,9";"16,9";"15,5";"91,0";"92,0";"91,0";"15,5";"15,5";"14,0";"916,2";"916,2";"915,5";"0,0";"74,0";"0,0";"81,10";"0,0"
"18/04/2026";"1100";"20,6";"20,6";"16,9";"76,0";"91,0";"76,0";"16,3";"16,3";"15,5";"916,1";"916,2";"916,1";"0,0";"348,0";"0,3";"520,10";"0,0"
"18/04/2026";"1200";"23,1";"23,2";"20,6";"63,0";"76,0";"60,0";"15,6";"17,0";"14,4";"916,4";"916,4";"916,1";"0,9";"2,0";"2,6";"1557,40";"0,0"
"18/04/2026";"1300";"25,1";"25,5";"22,8";"49,0";"65,0";"49,0";"13,8";"16,5";"13,6";"916,3";"916,4";"916,3";"1,2";"19,0";"2,9";"2190,50";"0,0"
"18/04/2026";"1400";"27,3";"27,5";"24,9";"48,0";"53,0";"43,0";"15,5";"15,6";"12,5";"915,9";"916,3";"915,9";"1,0";"318,0";"3,0";"2598,30";"0,0"
"18/04/2026";"1500";"28,3";"28,9";"26,7";"43,0";"48,0";"40,0";"14,7";"16,2";"12,5";"914,6";"915,9";"914,6";"1,5";"351,0";"4,6";"2813,30";"0,0"
"18/04/2026";"1600";"29,3";"29,6";"27,8";"43,0";"46,0";"39,0";"15,5";"15,7";"13,6";"913,7";"914,6";"913,7";"1,7";"334,0";"5,1";"2843,90";"0,0"
"18/04/2026";"1700";"28,9";"29,4";"27,4";"42,0";"49,0";"36,0";"14,7";"16,0";"12,3";"913,1";"913,7";"913,1";"1,6";"341,0";"5,3";"2106,50";"0,0"
"18/04/2026";"1800";"29,6";"30,3";"28,9";"38,0";"44,0";"33,0";"13,7";"15,7";"11,3";"912,6";"913,1";"912,6";"2,3";"310,0";"5,9";"2342,40";"0,0"
"18/04/2026";"1900";"29,0";"30,0";"28,8";"39,0";"42,0";"34,0";"13,6";"15,1";"11,8";"912,7";"912,7";"912,5";"1,4";"293,0";"5,1";"1135,10";"0,0"
"18/04/2026";"2000";"25,4";"29,0";"25,4";"49,0";"52,0";"37,0";"14,0";"15,7";"12,6";"912,9";"912,9";"912,6";"1,7";"281,0";"5,8";"203,10";"0,0"
"18/04/2026";"2100";"23,5";"25,5";"23,4";"58,0";"59,0";"47,0";"14,7";"15,0";"13,2";"912,9";"913,0";"912,8";"1,4";"281,0";"5,3";"41,90";"0,0"
"18/04/2026";"2200";"23,4";"23,7";"23,3";"59,0";"59,0";"57,0";"14,9";"14,9";"14,6";"913,3";"913,3";"912,8";"1,3";"266,0";"3,0";"";"0,0"
"18/04/2026";"2300";"22,2";"23,4";"22,2";"65,0";"65,0";"59,0";"15,3";"15,3";"14,8";"913,7";"913,7";"913,3";"1,0";"282,0";"2,4";"";"0,0"
"19/04/2026";"0000";"22,4";"22,7";"21,7";"65,0";"67,0";"64,0";"15,6";"15,6";"15,2";"914,5";"914,5";"913,7";"0,1";"175,0";"2,2";"";"0,0"
"19/04/2026";"0100";"20,4";"22,3";"20,2";"74,0";"75,0";"65,0";"15,7";"15,7";"15,4";"914,9";"915,0";"914,5";"0,8";"313,0";"1,4";"";"0,0"
"19/04/2026";"0200";"20,2";"20,8";"20,2";"74,0";"76,0";"74,0";"15,5";"16,1";"15,5";"915,0";"915,1";"914,9";"0,0";"188,0";"1,3";"";"0,0"
"19/04/2026";"0300";"20,2";"20,6";"20,0";"77,0";"77,0";"74,0";"16,0";"16,1";"15,6";"915,1";"915,2";"914,9";"0,0";"155,0";"0,8";"";"0,0"
"19/04/2026";"0400";"19,1";"20,2";"19,1";"81,0";"81,0";"77,0";"15,8";"16,1";"15,8";"915,0";"915,1";"915,0";"0,0";"18,0";"0,0";"";"0,0"
"19/04/2026";"0500";"18,9";"19,2";"18,5";"84,0";"85,0";"81,0";"16,2";"16,4";"15,8";"914,7";"915,1";"914,7";"0,0";"182,0";"0,8";"";"0,0"
"19/04/2026";"0600";"18,8";"19,2";"18,7";"82,0";"85,0";"81,0";"15,6";"16,3";"15,5";"914,3";"914,7";"914,3";"0,2";"182,0";"1,3";"";"0,0"
"19/04/2026";"0700";"18,0";"18,8";"18,0";"87,0";"87,0";"82,0";"15,7";"15,9";"15,4";"914,6";"914,6";"914,3";"0,5";"18,0";"1,9";"";"0,0"
"19/04/2026";"0800";"17,1";"18,0";"17,1";"89,0";"89,0";"87,0";"15,4";"15,8";"15,4";"914,9";"914,9";"914,6";"0,0";"329,0";"1,9";"";"0,0"
"19/04/2026";"0900";"16,7";"17,1";"16,7";"90,0";"90,0";"89,0";"15,1";"15,3";"15,1";"915,7";"915,7";"914,9";"0,0";"323,0";"0,7";"";"0,0"
"19/04/2026";"1000";"17,8";"17,8";"16,4";"91,0";"91,0";"90,0";"16,3";"16,3";"14,8";"916,4";"916,5";"915,7";"0,0";"59,0";"0,0";"67,00";"0,0"
"19/04/2026";"1100";"22,5";"22,5";"17,8";"70,0";"91,0";"70,0";"16,6";"17,1";"16,2";"917,0";"917,0";"916,4";"0,1";"162,0";"1,8";"493,90";"0,0"
"19/04/2026";"1200";"23,9";"24,6";"22,3";"60,0";"70,0";"56,0";"15,7";"16,7";"15,0";"917,4";"917,4";"916,9";"0,6";"14,0";"1,8";"1515,00";"0,0"
"19/04/2026";"1300";"26,5";"26,5";"23,9";"52,0";"62,0";"51,0";"15,7";"16,9";"14,4";"917,5";"917,5";"917,4";"0,9";"345,0";"2,6";"1954,60";"0,0"
"19/04/2026";"1400";"28,5";"28,6";"26,0";"40,0";"54,0";"40,0";"13,7";"16,4";"13,5";"916,9";"917,5";"916,9";"1,0";"253,0";"3,8";"2515,50";"0,0"
"19/04/2026";"1500";"28,4";"30,0";"28,0";"43,0";"47,0";"39,0";"14,5";"16,1";"13,9";"916,4";"916,9";"916,4";"1,0";"220,0";"5,2";"2698,20";"0,0"
"19/04/2026";"1600";"29,8";"30,5";"26,9";"39,0";"50,0";"38,0";"14,3";"16,9";"13,4";"915,7";"916,4";"915,7";"1,8";"281,0";"5,3";"2068,20";"0,0"
"19/04/2026";"1700";"29,1";"30,5";"27,7";"42,0";"49,0";"37,0";"15,0";"15,9";"13,3";"915,3";"915,7";"915,3";"0,2";"162,0";"6,0";"1939,10";"0,0"
"19/04/2026";"1800";"30,0";"31,2";"29,1";"40,0";"43,0";"35,0";"15,1";"16,3";"13,3";"914,9";"915,3";"914,9";"2,3";"275,0";"6,7";"2338,00";"0,0"
"19/04/2026";"1900";"29,6";"30,5";"28,7";"43,0";"46,0";"40,0";"15,7";"16,7";"14,7";"914,7";"914,9";"914,6";"2,5";"284,0";"7,1";"1069,50";"0,0"
"19/04/2026";"2000";"26,8";"30,1";"26,8";"54,0";"56,0";"41,0";"16,6";"17,2";"15,0";"914,7";"914,7";"914,5";"1,6";"278,0";"5,8";"289,10";"0,0"
"19/04/2026";"2100";"24,9";"26,8";"24,8";"58,0";"61,0";"52,0";"16,1";"16,8";"15,7";"915,7";"915,7";"914,7";"1,9";"274,0";"4,4";"116,00";"0,0"
"19/04/2026";"2200";"21,5";"25,4";"21,3";"74,0";"75,0";"57,0";"16,8";"17,1";"15,5";"916,2";"916,2";"915,4";"1,3";"81,0";"9,4";"";"0,0"
"19/04/2026";"2300";"20,1";"21,5";"19,8";"78,0";"80,0";"72,0";"16,2";"16,6";"15,9";"916,4";"916,4";"916,1";"0,4";"137,0";"3,7";"";"0,0"
"20/04/2026";"0000";"19,4";"20,1";"19,2";"82,0";"82,0";"78,0";"16,2";"16,5";"16,1";"916,6";"916,7";"916,4";"0,1";"111,0";"2,2";"";"0,0"
"20/04/2026";"0100";"20,4";"20,5";"19,3";"75,0";"82,0";"75,0";"15,8";"16,3";"15,7";"917,4";"917,4";"916,6";"0,3";"128,0";"2,0";"";"0,0"
"20/04/2026";"0200";"18,5";"20,6";"18,3";"83,0";"83,0";"73,0";"15,5";"15,8";"15,1";"917,4";"917,5";"917,3";"0,5";"334,0";"3,3";"";"0,0"
"20/04/2026";"0300";"18,6";"18,8";"18,1";"84,0";"84,0";"82,0";"15,8";"15,8";"15,4";"917,6";"917,7";"917,4";"0,0";"153,0";"1,3";"";"0,0"
"20/04/2026";"0400";"18,6";"18,8";"18,2";"83,0";"84,0";"83,0";"15,7";"16,1";"15,4";"917,4";"917,6";"917,3";"0,0";"277,0";"1,7";"";"0,0"
"20/04/2026";"0500";"17,3";"18,8";"17,3";"88,0";"88,0";"83,0";"15,3";"16,1";"15,2";"917,3";"917,4";"917,2";"0,5";"27,0";"2,4";"";"0,0"
"20/04/2026";"0600";"17,3";"17,8";"17,2";"89,0";"90,0";"88,0";"15,5";"16,0";"15,3";"917,6";"917,6";"917,3";"0,1";"321,0";"2,4";"";"0,0"
"20/04/2026";"0700";"18,7";"18,7";"17,2";"87,0";"90,0";"87,0";"16,4";"16,7";"15,5";"917,6";"917,6";"917,5";"0,7";"112,0";"2,3";"";"0,0"
"20/04/2026";"0800";"17,8";"18,9";"17,6";"90,0";"90,0";"85,0";"16,0";"16,5";"15,7";"918,0";"918,0";"917,6";"0,7";"318,0";"1,8";"";"0,2"
"20/04/2026";"0900";"19,4";"19,8";"17,7";"83,0";"90,0";"81,0";"16,5";"17,1";"16,0";"918,6";"918,6";"918,0";"1,9";"116,0";"5,8";"";"0,0"
"20/04/2026";"1000";"20,4";"20,5";"19,3";"79,0";"83,0";"79,0";"16,7";"16,7";"16,3";"919,1";"919,1";"918,6";"1,5";"120,0";"4,6";"96,80";"0,0"
"20/04/2026";"1100";"21,8";"21,8";"20,4";"75,0";"79,0";"75,0";"17,2";"17,3";"16,7";"919,6";"919,7";"919,1";"2,1";"103,0";"5,8";"619,30";"0,0"
"20/04/2026";"1200";"23,2";"23,3";"21,6";"70,0";"76,0";"69,0";"17,4";"17,8";"16,9";"919,7";"919,8";"919,5";"1,6";"107,0";"5,8";"1512,70";"0,0"
"20/04/2026";"1300";"24,9";"25,3";"23,0";"62,0";"71,0";"61,0";"17,2";"18,1";"16,8";"920,1";"920,1";"919,7";"1,1";"80,0";"5,1";"1723,90";"0,0"
"20/04/2026";"1400";"25,1";"26,8";"24,4";"65,0";"67,0";"56,0";"18,1";"18,5";"16,1";"919,6";"920,1";"919,6";"1,0";"54,0";"5,7";"1827,30";"0,0"
"20/04/2026";"1500";"28,1";"28,6";"24,9";"50,0";"66,0";"49,0";"16,5";"18,4";"16,0";"918,9";"919,6";"918,9";"1,3";"89,0";"4,7";"2377,90";"0,0"
"20/04/2026";"1600";"28,8";"29,2";"26,1";"47,0";"58,0";"46,0";"16,4";"18,0";"15,2";"918,2";"918,9";"918,2";"0,9";"93,0";"3,7";"2717,00";"0,0"
"20/04/2026";"1700";"27,3";"29,8";"27,0";"53,0";"54,0";"43,0";"16,9";"17,9";"15,2";"917,5";"918,2";"917,5";"1,2";"313,0";"4,5";"2339,80";"0,0"
"20/04/2026";"1800";"25,0";"27,3";"24,9";"60,0";"63,0";"49,0";"16,6";"18,0";"15,3";"916,9";"917,5";"916,9";"0,0";"67,0";"3,2";"459,40";"0,0"
"20/04/2026";"1900";"27,9";"29,0";"24,9";"51,0";"64,0";"47,0";"16,8";"18,4";"16,2";"916,5";"916,9";"916,4";"0,3";"39,0";"2,1";"622,70";"0,0"
"20/04/2026";"2000";"26,1";"28,8";"26,1";"56,0";"56,0";"46,0";"16,7";"17,3";"15,7";"916,5";"916,5";"916,4";"1,5";"21,0";"3,3";"313,20";"0,0"
"20/04/2026";"2100";"24,9";"26,1";"24,9";"63,0";"63,0";"56,0";"17,3";"17,6";"16,5";"917,0";"917,0";"916,4";"0,3";"103,0";"3,9";"100,00";"0,0"
"20/04/2026";"2200";"22,4";"24,9";"22,4";"71,0";"73,0";"61,0";"16,9";"18,1";"16,7";"917,6";"917,6";"917,0";"1,4";"38,0";"4,8";"";"0,0"
"20/04/2026";"2300";"22,5";"22,6";"21,9";"73,0";"74,0";"71,0";"17,3";"17,4";"16,8";"918,1";"918,1";"917,6";"1,1";"110,0";"3,6";"";"0,0"
"21/04/2026";"0000";"21,9";"22,6";"21,9";"76,0";"76,0";"73,0";"17,5";"17,6";"17,3";"918,3";"918,4";"918,1";"1,5";"124,0";"4,8";"";"0,0"
"21/04/2026";"0100";"21,8";"22,2";"21,6";"77,0";"77,0";"75,0";"17,5";"17,6";"17,4";"918,3";"918,4";"918,2";"0,9";"111,0";"3,7";"";"0,0"
"21/04/2026";"0200";"21,2";"21,9";"21,2";"80,0";"80,0";"77,0";"17,7";"17,7";"17,5";"918,2";"918,3";"918,2";"1,6";"122,0";"3,8";"";"0,0"
"21/04/2026";"0300";"21,4";"21,8";"21,2";"78,0";"80,0";"77,0";"17,3";"17,8";"17,3";"918,2";"918,4";"918,2";"1,1";"115,0";"4,9";"";"0,0"
"21/04/2026";"0400";"21,5";"21,8";"21,1";"77,0";"80,0";"76,0";"17,3";"17,6";"17,3";"918,1";"918,3";"918,1";"1,1";"113,0";"4,7";"";"0,0"
"21/04/2026";"0500";"21,0";"21,5";"20,7";"80,0";"81,0";"77,0";"17,4";"17,4";"17,3";"918,1";"918,1";"917,9";"2,0";"120,0";"4,6";"";"0,0"
"21/04/2026";"0600";"20,6";"21,1";"20,5";"80,0";"81,0";"79,0";"17,1";"17,3";"17,0";"918,0";"918,2";"918,0";"1,5";"112,0";"4,6";"";"0,0"
"21/04/2026";"0700";"20,0";"20,6";"19,8";"82,0";"83,0";"80,0";"16,9";"17,0";"16,8";"918,0";"918,1";"918,0";"0,8";"111,0";"3,5";"";"0,0"
"21/04/2026";"0800";"19,8";"20,0";"19,6";"82,0";"84,0";"82,0";"16,6";"16,9";"16,6";"918,5";"918,5";"918,0";"0,6";"120,0";"3,1";"";"0,0"
"21/04/2026";"0900";"19,6";"19,8";"19,4";"82,0";"84,0";"82,0";"16,5";"16,7";"16,4";"919,0";"919,0";"918,5";"1,0";"115,0";"3,1";"";"0,0"
"21/04/2026";"1000";"19,8";"19,9";"19,1";"82,0";"85,0";"82,0";"16,6";"16,8";"16,2";"919,7";"919,7";"919,0";"1,2";"101,0";"4,2";"77,60";"0,0"
"21/04/2026";"1100";"21,1";"21,1";"19,8";"76,0";"82,0";"76,0";"16,8";"16,9";"16,5";"920,3";"920,3";"919,7";"1,6";"112,0";"4,7";"503,40";"0,0"
"21/04/2026";"1200";"22,0";"22,1";"21,1";"73,0";"78,0";"72,0";"17,0";"17,5";"16,6";"921,1";"921,1";"920,3";"0,9";"92,0";"5,7";"1056,00";"0,0"
"21/04/2026";"1300";"22,5";"24,3";"21,9";"73,0";"76,0";"65,0";"17,4";"18,0";"16,4";"921,2";"921,3";"921,1";"1,2";"69,0";"5,9";"1244,80";"0,0"
"21/04/2026";"1400";"25,0";"26,7";"22,5";"59,0";"74,0";"54,0";"16,5";"18,1";"16,1";"920,5";"921,1";"920,5";"1,0";"75,0";"5,3";"2430,80";"0,0"
"21/04/2026";"1500";"26,0";"27,2";"24,3";"59,0";"65,0";"54,0";"17,5";"18,3";"15,7";"919,8";"920,5";"919,8";"1,3";"95,0";"3,8";"1910,00";"0,0"
"21/04/2026";"1600";"27,2";"27,5";"24,4";"53,0";"64,0";"50,0";"16,7";"18,6";"15,6";"919,1";"919,8";"919,1";"0,9";"79,0";"4,4";"2007,30";"0,0"
"21/04/2026";"1700";"28,2";"28,7";"26,6";"50,0";"54,0";"42,0";"16,7";"17,7";"14,2";"918,4";"919,2";"918,4";"0,9";"24,0";"4,2";"2753,70";"0,0"
"21/04/2026";"1800";"26,6";"28,9";"25,8";"52,0";"58,0";"44,0";"16,1";"17,0";"14,9";"917,8";"918,4";"917,7";"0,8";"67,0";"3,9";"1823,80";"0,0"
"21/04/2026";"1900";"25,0";"26,7";"25,0";"60,0";"64,0";"50,0";"16,6";"18,1";"15,4";"917,7";"917,8";"917,6";"1,6";"122,0";"4,5";"603,80";"0,0"
"21/04/2026";"2000";"24,0";"25,1";"24,0";"63,0";"63,0";"57,0";"16,5";"16,6";"15,8";"917,7";"917,8";"917,7";"2,3";"93,0";"5,9";"132,70";"0,0"
"21/04/2026";"2100";"23,2";"24,0";"23,2";"68,0";"68,0";"62,0";"16,8";"16,9";"16,4";"918,1";"918,1";"917,7";"1,5";"104,0";"5,9";"25,90";"0,0"
"21/04/2026";"2200";"22,7";"23,2";"22,7";"69,0";"70,0";"68,0";"16,8";"17,1";"16,8";"918,6";"918,6";"918,1";"1,6";"92,0";"6,3";"";"0,0"
"21/04/2026";"2300";"22,2";"22,7";"22,2";"71,0";"72,0";"69,0";"16,6";"16,9";"16,5";"919,1";"919,2";"918,6";"0,6";"91,0";"4,8";"";"0,0"
"22/04/2026";"0000";"21,5";"22,2";"21,4";"73,0";"74,0";"70,0";"16,4";"16,8";"16,3";"919,3";"919,3";"919,1";"1,8";"94,0";"5,0";"";"0,0"
"22/04/2026";"0100";"21,1";"21,6";"21,1";"74,0";"74,0";"73,0";"16,3";"16,6";"16,3";"919,3";"919,4";"919,2";"1,6";"103,0";"4,6";"";"0,0"
"22/04/2026";"0200";"20,8";"21,1";"20,4";"76,0";"78,0";"74,0";"16,5";"16,5";"16,3";"919,7";"919,7";"919,3";"1,4";"92,0";"4,3";"";"0,0"
"22/04/2026";"0300";"20,3";"20,8";"20,3";"78,0";"78,0";"76,0";"16,3";"16,5";"16,2";"919,5";"919,7";"919,5";"1,2";"120,0";"3,9";"";"0,0"
"22/04/2026";"0400";"20,1";"20,4";"19,8";"78,0";"80,0";"78,0";"16,2";"16,4";"16,2";"919,4";"919,6";"919,4";"1,4";"110,0";"4,3";"";"0,0"
"22/04/2026";"0500";"19,8";"20,2";"19,7";"79,0";"80,0";"78,0";"16,1";"16,3";"16,1";"919,4";"919,5";"919,4";"1,6";"98,0";"4,5";"";"0,0"
"22/04/2026";"0600";"19,6";"19,8";"19,5";"80,0";"80,0";"79,0";"16,0";"16,2";"16,0";"919,6";"919,6";"919,3";"1,5";"110,0";"4,4";"";"0,0"
"22/04/2026";"0700";"19,3";"19,6";"19,2";"81,0";"82,0";"80,0";"15,9";"16,1";"15,9";"919,3";"919,6";"919,3";"1,6";"108,0";"4,2";"";"0,0"
"22/04/2026";"0800";"18,9";"19,3";"18,9";"80,0";"81,0";"80,0";"15,5";"15,9";"15,5";"919,5";"919,6";"919,3";"1,5";"103,0";"4,7";"";"0,0"
"22/04/2026";"0900";"18,6";"19,0";"18,5";"82,0";"82,0";"80,0";"15,5";"15,6";"15,4";"919,9";"919,9";"919,4";"1,3";"106,0";"3,9";"";"0,0"
"22/04/2026";"1000";"19,4";"19,4";"18,4";"79,0";"83,0";"79,0";"15,6";"15,7";"15,4";"920,8";"920,8";"919,9";"1,6";"117,0";"4,1";"71,60";"0,0"
"22/04/2026";"1100";"21,0";"21,0";"19,4";"73,0";"79,0";"73,0";"16,1";"16,1";"15,6";"921,5";"921,5";"920,8";"2,3";"112,0";"6,0";"547,50";"0,0"
"22/04/2026";"1200";"22,4";"22,4";"20,8";"68,0";"75,0";"67,0";"16,1";"16,5";"15,7";"921,9";"921,9";"921,5";"1,8";"101,0";"6,8";"1492,20";"0,0"
"22/04/2026";"1300";"24,5";"24,9";"22,3";"61,0";"69,0";"58,0";"16,5";"17,5";"15,6";"921,8";"921,9";"921,8";"1,6";"78,0";"6,1";"2145,30";"0,0"
"22/04/2026";"1400";"25,6";"26,2";"24,0";"56,0";"62,0";"53,0";"16,2";"17,1";"15,0";"921,2";"921,9";"921,2";"1,6";"58,0";"4,9";"2239,60";"0,0"
"22/04/2026";"1500";"25,2";"26,0";"23,9";"54,0";"63,0";"53,0";"15,3";"17,0";"15,1";"920,3";"921,2";"920,3";"1,4";"58,0";"4,1";"1479,90";"0,0"
"22/04/2026";"1600";"27,2";"28,1";"25,2";"48,0";"58,0";"45,0";"15,2";"17,0";"13,8";"919,6";"920,3";"919,6";"1,6";"69,0";"4,3";"2668,10";"0,0"
"22/04/2026";"1700";"28,0";"28,4";"25,2";"45,0";"59,0";"41,0";"15,0";"16,6";"14,0";"918,7";"919,6";"918,7";"0,9";"30,0";"4,3";"2070,20";"0,0"
"22/04/2026";"1800";"26,2";"28,3";"26,2";"49,0";"53,0";"41,0";"14,7";"16,5";"13,6";"918,1";"918,7";"918,1";"0,9";"105,0";"4,2";"1954,80";"0,0"
"22/04/2026";"1900";"24,9";"27,6";"24,9";"58,0";"58,0";"46,0";"16,0";"17,0";"14,4";"918,2";"918,3";"918,1";"0,4";"55,0";"4,3";"685,50";"0,0"
"22/04/2026";"2000";"22,4";"24,9";"22,4";"69,0";"69,0";"54,0";"16,4";"17,3";"15,0";"918,5";"918,5";"918,2";"0,3";"319,0";"3,3";"170,40";"0,0"
"22/04/2026";"2100";"23,2";"23,2";"21,5";"63,0";"72,0";"63,0";"15,7";"16,4";"15,5";"918,8";"918,8";"918,4";"0,7";"92,0";"2,8";"26,70";"0,0"
"22/04/2026";"2200";"22,8";"23,5";"22,7";"63,0";"64,0";"60,0";"15,5";"15,9";"15,1";"919,4";"919,4";"918,8";"1,5";"106,0";"4,0";"";"0,0"
"22/04/2026";"2300";"21,7";"22,9";"21,7";"68,0";"68,0";"63,0";"15,6";"15,7";"15,3";"920,1";"920,1";"919,4";"0,7";"83,0";"4,5";"";"0,0"
"23/04/2026";"0000";"21,6";"22,2";"21,6";"70,0";"70,0";"67,0";"15,9";"16,0";"15,6";"920,7";"920,7";"920,1";"1,1";"117,0";"2,8";"";"0,0"
"23/04/2026";"0100";"21,4";"21,8";"21,3";"72,0";"72,0";"70,0";"16,2";"16,2";"15,9";"920,7";"920,8";"920,6";"1,5";"106,0";"4,3";"";"0,0"
"23/04/2026";"0200";"21,4";"21,5";"21,0";"71,0";"74,0";"71,0";"15,9";"16,3";"15,9";"920,3";"920,7";"920,3";"0,9";"115,0";"4,5";"";"0,0"
"23/04/2026";"0300";"21,0";"21,4";"20,8";"73,0";"74,0";"71,0";"16,0";"16,1";"15,9";"920,2";"920,3";"920,2";"2,0";"102,0";"4,7";"";"0,0"
"23/04/2026";"0400";"20,7";"21,2";"20,6";"75,0";"75,0";"72,0";"16,1";"16,1";"15,9";"920,0";"920,2";"920,0";"1,0";"110,0";"5,9";"";"0,0"
"23/04/2026";"0500";"19,9";"20,8";"19,8";"78,0";"78,0";"74,0";"15,9";"16,1";"15,8";"919,5";"920,0";"919,5";"1,6";"111,0";"4,0";"";"0,0"
"23/04/2026";"0600";"19,7";"20,1";"19,5";"78,0";"78,0";"77,0";"15,6";"15,9";"15,5";"919,5";"919,5";"919,4";"1,3";"120,0";"3,7";"";"0,0"
"23/04/2026";"0700";"20,2";"20,3";"19,6";"75,0";"78,0";"74,0";"15,5";"15,7";"15,4";"919,5";"919,6";"919,5";"1,3";"110,0";"4,5";"";"0,0"
"23/04/2026";"0800";"20,1";"20,3";"20,0";"75,0";"75,0";"74,0";"15,6";"15,6";"15,4";"919,9";"919,9";"919,5";"1,3";"116,0";"4,5";"";"0,0"
"23/04/2026";"0900";"19,4";"20,2";"19,4";"78,0";"78,0";"75,0";"15,5";"15,7";"15,5";"920,4";"920,4";"919,8";"1,5";"104,0";"4,7";"";"0,0"
"23/04/2026";"1000";"19,4";"19,5";"19,2";"80,0";"80,0";"78,0";"15,9";"15,9";"15,5";"921,1";"921,2";"920,4";"2,1";"105,0";"5,9";"77,40";"0,0"
"23/04/2026";"1100";"21,0";"21,0";"19,4";"73,0";"80,0";"71,0";"16,0";"16,1";"15,6";"921,7";"921,7";"921,1";"2,5";"93,0";"6,7";"609,20";"0,0"
"23/04/2026";"1200";"21,9";"21,9";"20,9";"67,0";"73,0";"66,0";"15,4";"16,1";"15,2";"922,1";"922,1";"921,7";"2,8";"107,0";"8,6";"1398,00";"0,0"
"23/04/2026";"1300";"23,5";"23,5";"21,5";"60,0";"69,0";"60,0";"15,2";"16,3";"15,1";"922,3";"922,4";"922,0";"2,3";"101,0";"8,6";"2214,50";"0,0"
"23/04/2026";"1400";"25,9";"25,9";"23,4";"52,0";"61,0";"51,0";"15,1";"15,9";"14,3";"921,9";"922,3";"921,9";"2,0";"59,0";"7,2";"2681,70";"0,0"
"23/04/2026";"1500";"26,4";"26,6";"24,2";"49,0";"57,0";"47,0";"14,8";"15,6";"13,8";"921,2";"921,9";"921,2";"1,6";"73,0";"6,5";"2724,50";"0,0"
"23/04/2026";"1600";"26,8";"27,3";"25,1";"45,0";"52,0";"43,0";"13,9";"16,0";"13,0";"920,3";"921,3";"920,3";"1,7";"74,0";"6,0";"2800,80";"0,0"
"23/04/2026";"1700";"27,2";"28,1";"26,6";"44,0";"49,0";"41,0";"14,0";"15,0";"13,0";"919,4";"920,3";"919,4";"1,8";"89,0";"6,4";"2694,80";"0,0"
"23/04/2026";"1800";"26,1";"28,2";"26,0";"45,0";"49,0";"42,0";"13,1";"15,0";"12,9";"919,0";"919,4";"919,0";"2,2";"104,0";"7,1";"2057,90";"0,0"
"23/04/2026";"1900";"24,5";"27,5";"24,5";"52,0";"52,0";"42,0";"14,1";"14,7";"13,0";"918,9";"919,0";"918,8";"1,9";"104,0";"6,7";"1007,70";"0,0"
"23/04/2026";"2000";"23,2";"24,6";"23,2";"59,0";"60,0";"49,0";"14,8";"14,9";"12,7";"919,3";"919,3";"918,9";"1,9";"76,0";"5,5";"153,70";"0,0"
"23/04/2026";"2100";"22,3";"23,4";"22,2";"65,0";"66,0";"59,0";"15,4";"15,6";"14,7";"919,6";"919,7";"919,3";"1,7";"85,0";"6,1";"31,10";"0,0"
"23/04/2026";"2200";"21,1";"22,3";"21,1";"70,0";"70,0";"65,0";"15,5";"15,7";"15,4";"920,2";"920,2";"919,6";"1,5";"89,0";"6,0";"";"0,0"
"23/04/2026";"2300";"20,9";"21,2";"20,5";"70,0";"73,0";"69,0";"15,1";"15,6";"15,1";"920,8";"920,9";"920,2";"1,7";"100,0";"6,1";"";"0,0"
"24/04/2026";"0000";"20,5";"21,0";"20,5";"67,0";"71,0";"65,0";"14,2";"15,2";"14,0";"921,3";"921,3";"920,8";"2,4";"109,0";"7,9";"";"0,0"
"24/04/2026";"0100";"19,6";"20,9";"19,6";"72,0";"72,0";"65,0";"14,5";"14,5";"13,9";"921,2";"921,4";"921,2";"0,9";"92,0";"5,6";"";"0,0"
"24/04/2026";"0200";"19,4";"19,7";"19,2";"76,0";"77,0";"72,0";"15,0";"15,1";"14,4";"921,3";"921,3";"921,1";"0,7";"107,0";"3,0";"";"0,0"
"24/04/2026";"0300";"18,4";"19,4";"18,4";"78,0";"78,0";"75,0";"14,4";"14,9";"14,3";"921,2";"921,3";"921,2";"0,4";"103,0";"3,3";"";"0,0"
"24/04/2026";"0400";"17,3";"19,0";"17,3";"82,0";"82,0";"75,0";"14,1";"14,7";"14,1";"920,7";"921,3";"920,7";"0,0";"200,0";"2,5";"";"0,0"
"24/04/2026";"0500";"18,8";"18,8";"17,1";"75,0";"83,0";"75,0";"14,3";"14,7";"14,1";"920,6";"920,7";"920,6";"0,7";"103,0";"2,5";"";"0,0"
"24/04/2026";"0600";"18,4";"18,9";"17,8";"79,0";"80,0";"75,0";"14,7";"14,7";"14,2";"920,6";"920,7";"920,6";"0,7";"96,0";"2,7";"";"0,0"
"24/04/2026";"0700";"17,5";"18,6";"16,6";"86,0";"87,0";"79,0";"15,2";"15,2";"13,9";"920,5";"920,6";"920,5";"0,7";"99,0";"3,1";"";"0,0"
"24/04/2026";"0800";"18,3";"18,5";"17,5";"81,0";"86,0";"80,0";"15,0";"15,2";"14,8";"920,7";"920,7";"920,4";"0,8";"105,0";"3,4";"";"0,0"
"24/04/2026";"0900";"18,0";"18,4";"17,9";"82,0";"82,0";"81,0";"14,9";"15,1";"14,9";"921,2";"921,2";"920,7";"1,4";"107,0";"3,6";"";"0,0"
"24/04/2026";"1000";"18,4";"18,5";"17,8";"81,0";"84,0";"81,0";"15,1";"15,1";"14,9";"921,9";"921,9";"921,2";"1,6";"113,0";"4,3";"63,50";"0,0"
"24/04/2026";"1100";"19,7";"19,8";"18,4";"77,0";"81,0";"75,0";"15,5";"15,5";"15,0";"922,5";"922,5";"921,9";"2,3";"124,0";"5,2";"539,60";"0,0"
"24/04/2026";"1200";"21,7";"21,7";"19,7";"69,0";"77,0";"68,0";"15,6";"15,7";"15,2";"922,9";"922,9";"922,5";"2,2";"108,0";"7,2";"1541,20";"0,0"
"24/04/2026";"1300";"23,9";"24,0";"21,7";"58,0";"69,0";"57,0";"15,2";"16,3";"14,5";"922,8";"923,0";"922,8";"2,4";"86,0";"6,1";"2262,20";"0,0"
"24/04/2026";"1400";"25,7";"25,8";"22,6";"53,0";"65,0";"50,0";"15,5";"16,3";"13,9";"922,0";"922,8";"922,0";"1,5";"64,0";"6,1";"2324,80";"0,0"
"24/04/2026";"1500";"25,2";"27,3";"24,5";"51,0";"54,0";"45,0";"14,3";"15,9";"13,2";"921,1";"922,0";"921,1";"1,5";"53,0";"5,7";"2511,70";"0,0"
"24/04/2026";"1600";"26,7";"27,6";"25,0";"47,0";"52,0";"41,0";"14,6";"14,9";"12,3";"920,3";"921,1";"920,3";"1,1";"10,0";"5,5";"2607,20";"0,0"
"24/04/2026";"1700";"24,6";"27,4";"24,6";"54,0";"55,0";"39,0";"14,6";"15,4";"11,7";"919,5";"920,3";"919,5";"1,2";"17,0";"4,1";"1741,60";"0,0"
"24/04/2026";"1800";"25,8";"27,4";"24,6";"47,0";"54,0";"42,0";"13,7";"15,5";"12,7";"919,1";"919,5";"919,1";"0,0";"69,0";"4,7";"1411,80";"0,0"
"24/04/2026";"1900";"24,7";"26,6";"24,7";"52,0";"54,0";"47,0";"14,1";"15,3";"13,8";"919,1";"919,1";"918,9";"0,5";"65,0";"3,6";"812,60";"0,0"
"24/04/2026";"2000";"22,5";"25,9";"22,5";"68,0";"68,0";"48,0";"16,3";"16,3";"14,0";"919,4";"919,4";"919,1";"0,3";"39,0";"3,1";"299,20";"0,0"
"24/04/2026";"2100";"22,2";"22,7";"20,8";"64,0";"73,0";"62,0";"15,1";"16,9";"15,0";"919,6";"919,6";"919,4";"0,7";"101,0";"3,4";"44,30";"0,0"
"24/04/2026";"2200";"21,7";"22,5";"21,6";"65,0";"67,0";"62,0";"14,9";"15,3";"14,6";"919,8";"919,8";"919,5";"1,1";"116,0";"4,1";"";"0,0"
"24/04/2026";"2300";"21,3";"21,9";"21,1";"69,0";"69,0";"65,0";"15,3";"15,3";"14,9";"920,2";"920,2";"919,8";"1,1";"104,0";"3,6";"";"0,0"
"25/04/2026";"0000";"20,9";"21,4";"20,8";"70,0";"70,0";"68,0";"15,2";"15,3";"15,0";"920,5";"920,5";"920,2";"1,2";"94,0";"3,4";"";"0,0"
"25/04/2026";"0100";"20,2";"21,1";"19,1";"75,0";"79,0";"69,0";"15,6";"15,7";"15,0";"920,5";"920,6";"920,4";"1,1";"99,0";"4,3";"";"0,0"
"25/04/2026";"0200";"20,1";"20,4";"20,1";"75,0";"75,0";"74,0";"15,4";"15,6";"15,4";"920,2";"920,5";"920,2";"1,2";"101,0";"4,1";"";"0,0"
"25/04/2026";"0300";"19,7";"20,2";"19,6";"76,0";"76,0";"75,0";"15,3";"15,5";"15,3";"919,8";"920,2";"919,8";"1,0";"110,0";"4,1";"";"0,0"
"25/04/2026";"0400";"19,4";"19,8";"19,1";"77,0";"77,0";"76,0";"15,2";"15,4";"15,1";"919,3";"919,8";"919,2";"0,7";"118,0";"3,4";"";"0,0"
"25/04/2026";"0500";"17,5";"19,4";"17,5";"84,0";"84,0";"77,0";"14,7";"15,6";"14,6";"919,1";"919,3";"919,0";"0,0";"37,0";"2,2";"";"0,0"
"25/04/2026";"0600";"17,0";"18,0";"17,0";"86,0";"86,0";"84,0";"14,7";"15,4";"14,5";"918,9";"919,1";"918,8";"0,0";"84,0";"0,0";"";"0,0"
"25/04/2026";"0700";"16,8";"17,9";"16,8";"87,0";"87,0";"84,0";"14,7";"15,3";"14,6";"918,6";"918,9";"918,6";"0,0";"164,0";"0,0";"";"0,0"
"25/04/2026";"0800";"16,7";"17,1";"16,7";"87,0";"88,0";"87,0";"14,6";"15,1";"14,6";"918,9";"918,9";"918,5";"0,0";"163,0";"1,1";"";"0,0"
"25/04/2026";"0900";"16,8";"17,2";"16,6";"87,0";"88,0";"86,0";"14,6";"15,0";"14,6";"919,4";"919,4";"918,9";"0,0";"115,0";"0,0";"";"0,0"
"25/04/2026";"1000";"17,3";"17,3";"16,3";"88,0";"89,0";"87,0";"15,4";"15,4";"14,3";"919,8";"919,9";"919,4";"0,0";"349,0";"0,0";"59,70";"0,0"
"25/04/2026";"1100";"20,3";"20,4";"17,3";"72,0";"88,0";"72,0";"15,0";"15,8";"15,0";"920,4";"920,5";"919,8";"1,4";"101,0";"4,3";"533,60";"0,0"
"25/04/2026";"1200";"23,4";"23,4";"20,3";"64,0";"72,0";"60,0";"16,1";"16,6";"15,0";"920,9";"920,9";"920,4";"0,4";"8,0";"4,3";"1500,10";"0,0"
"25/04/2026";"1300";"24,8";"24,8";"23,3";"58,0";"65,0";"52,0";"16,0";"16,7";"13,6";"920,8";"921,0";"920,8";"0,8";"18,0";"3,9";"2116,20";"0,0"
"25/04/2026";"1400";"26,1";"26,4";"24,3";"50,0";"60,0";"48,0";"14,8";"16,6";"14,0";"920,0";"920,8";"920,0";"1,0";"287,0";"3,9";"2565,50";"0,0"
"25/04/2026";"1500";"25,9";"27,7";"25,5";"53,0";"56,0";"45,0";"15,5";"16,5";"13,5";"919,1";"920,0";"919,1";"0,2";"264,0";"4,0";"2350,30";"0,0"
"25/04/2026";"1600";"26,3";"28,2";"25,9";"48,0";"53,0";"42,0";"14,4";"16,3";"13,8";"918,1";"919,1";"918,1";"1,5";"282,0";"5,6";"2164,60";"0,0"
"25/04/2026";"1700";"27,5";"27,9";"25,6";"42,0";"52,0";"40,0";"13,3";"15,3";"11,8";"917,3";"918,1";"917,3";"1,8";"258,0";"6,5";"1297,20";"0,0"
"25/04/2026";"1800";"28,1";"28,9";"26,8";"37,0";"45,0";"34,0";"12,0";"14,2";"9,8";"916,8";"917,3";"916,8";"2,3";"283,0";"6,9";"1938,80";"0,0"
"25/04/2026";"1900";"27,4";"28,3";"26,3";"42,0";"45,0";"36,0";"13,2";"14,1";"11,3";"916,9";"916,9";"916,8";"2,3";"289,0";"6,5";"1118,80";"0,0"
"25/04/2026";"2000";"24,5";"27,4";"24,4";"51,0";"53,0";"41,0";"13,8";"14,5";"13,0";"917,1";"917,1";"916,9";"1,2";"274,0";"6,2";"304,20";"0,0"
"25/04/2026";"2100";"22,6";"24,5";"22,4";"57,0";"58,0";"51,0";"13,7";"14,4";"13,6";"917,3";"917,3";"917,1";"1,1";"281,0";"3,7";"32,90";"0,0"
"25/04/2026";"2200";"22,7";"22,8";"22,5";"59,0";"60,0";"57,0";"14,4";"14,4";"13,6";"917,6";"917,6";"917,3";"1,3";"270,0";"3,3";"";"0,0"
"25/04/2026";"2300";"22,0";"22,7";"21,3";"63,0";"65,0";"59,0";"14,6";"14,6";"14,2";"918,3";"918,3";"917,6";"0,0";"242,0";"2,2";"";"0,0"
"26/04/2026";"0000";"21,3";"22,0";"20,0";"67,0";"72,0";"63,0";"15,0";"15,1";"14,5";"918,5";"918,5";"918,3";"0,0";"271,0";"1,1";"";"0,0"
"26/04/2026";"0100";"20,5";"21,3";"20,3";"71,0";"71,0";"67,0";"15,1";"15,1";"14,8";"918,3";"918,5";"918,2";"0,0";"138,0";"0,8";"";"0,0"
"26/04/2026";"0200";"19,3";"20,6";"19,2";"76,0";"76,0";"71,0";"14,9";"15,2";"14,7";"918,2";"918,3";"918,1";"0,0";"37,0";"0,8";"";"0,0"
"26/04/2026";"0300";"18,7";"19,3";"18,6";"81,0";"81,0";"76,0";"15,4";"15,6";"14,9";"918,1";"918,3";"918,1";"0,0";"43,0";"0,0";"";"0,0"
"26/04/2026";"0400";"18,3";"18,8";"17,7";"83,0";"85,0";"81,0";"15,4";"15,7";"15,0";"917,8";"918,1";"917,8";"0,0";"121,0";"0,0";"";"0,0"
"26/04/2026";"0500";"17,2";"18,3";"17,2";"87,0";"87,0";"83,0";"15,0";"15,6";"15,0";"917,6";"917,8";"917,6";"0,0";"333,0";"0,2";"";"0,0"
"26/04/2026";"0600";"17,2";"17,2";"16,8";"89,0";"89,0";"87,0";"15,3";"15,3";"14,9";"917,8";"917,8";"917,6";"0,0";"116,0";"0,8";"";"0,0"
"26/04/2026";"0700";"17,0";"17,4";"16,8";"88,0";"89,0";"87,0";"15,0";"15,4";"14,8";"917,9";"917,9";"917,7";"0,0";"191,0";"0,0";"";"0,0"
"26/04/2026";"0800";"17,1";"17,3";"16,9";"87,0";"89,0";"87,0";"15,0";"15,3";"15,0";"917,9";"917,9";"917,8";"0,0";"188,0";"0,0";"";"0,0"
"26/04/2026";"0900";"16,8";"17,3";"16,8";"89,0";"89,0";"87,0";"14,9";"15,2";"14,7";"918,6";"918,6";"917,9";"0,0";"144,0";"0,0";"";"0,0"
"26/04/2026";"1000";"17,9";"17,9";"16,7";"89,0";"90,0";"89,0";"16,0";"16,0";"14,9";"919,4";"919,4";"918,6";"0,0";"333,0";"0,0";"62,10";"0,0"
"26/04/2026";"1100";"20,9";"20,9";"17,9";"74,0";"89,0";"74,0";"16,0";"16,3";"15,6";"919,7";"919,7";"919,4";"0,0";"324,0";"0,0";"515,50";"0,0"
"26/04/2026";"1200";"23,5";"24,0";"20,9";"64,0";"74,0";"59,0";"16,2";"16,8";"15,1";"919,8";"919,9";"919,7";"1,0";"30,0";"3,3";"1462,10";"0,0"
"26/04/2026";"1300";"25,2";"25,8";"23,5";"56,0";"66,0";"53,0";"15,8";"17,0";"14,8";"919,9";"920,0";"919,8";"0,7";"341,0";"3,9";"2103,50";"0,0"
"26/04/2026";"1400";"26,6";"27,4";"25,2";"49,0";"57,0";"48,0";"15,1";"17,2";"14,8";"919,2";"919,9";"919,2";"1,0";"315,0";"3,6";"2528,60";"0,0"
"26/04/2026";"1500";"27,6";"28,9";"26,6";"39,0";"51,0";"38,0";"12,6";"16,5";"12,1";"918,1";"919,2";"918,1";"1,1";"356,0";"4,5";"2823,90";"0,0"
"26/04/2026";"1600";"28,9";"29,8";"27,6";"39,0";"43,0";"35,0";"13,6";"15,1";"12,2";"917,2";"918,1";"917,2";"1,5";"301,0";"4,4";"2930,00";"0,0"
"26/04/2026";"1700";"29,4";"30,0";"28,7";"40,0";"42,0";"34,0";"14,2";"15,1";"11,8";"916,4";"917,2";"916,4";"2,0";"332,0";"4,4";"2675,30";"0,0"
"26/04/2026";"1800";"29,3";"29,6";"26,2";"37,0";"53,0";"37,0";"12,9";"16,4";"12,9";"916,1";"916,4";"916,1";"1,6";"275,0";"4,7";"1533,40";"0,0"
"26/04/2026";"1900";"28,0";"29,8";"28,0";"48,0";"49,0";"37,0";"16,0";"16,7";"13,3";"916,3";"916,3";"916,0";"1,5";"285,0";"5,9";"1104,70";"0,0"
"26/04/2026";"2000";"25,2";"28,0";"25,2";"56,0";"56,0";"47,0";"15,8";"16,7";"14,4";"916,7";"916,7";"916,3";"1,5";"276,0";"5,3";"198,30";"0,0"
"26/04/2026";"2100";"24,1";"25,2";"23,8";"52,0";"57,0";"52,0";"13,7";"16,1";"13,7";"917,0";"917,0";"916,7";"1,4";"271,0";"3,7";"34,60";"0,0"
"26/04/2026";"2200";"24,1";"24,1";"23,9";"51,0";"52,0";"51,0";"13,3";"13,7";"13,3";"917,4";"917,4";"917,0";"1,1";"242,0";"2,4";"";"0,0"
"26/04/2026";"2300";"22,6";"24,1";"22,6";"55,0";"55,0";"51,0";"13,1";"13,3";"13,0";"918,0";"918,0";"917,4";"0,0";"266,0";"1,9";"";"0,0"
"27/04/2026";"0000";"21,9";"22,9";"21,9";"59,0";"59,0";"55,0";"13,5";"13,6";"13,2";"918,3";"918,4";"918,0";"0,1";"184,0";"1,5";"";"0,0"
"27/04/2026";"0100";"21,3";"21,9";"21,1";"69,0";"69,0";"59,0";"15,2";"15,2";"13,5";"918,3";"918,5";"918,3";"0,0";"169,0";"1,0";"";"0,0"
"27/04/2026";"0200";"20,4";"21,3";"20,2";"72,0";"73,0";"67,0";"15,1";"15,4";"14,4";"918,4";"918,4";"918,3";"0,2";"153,0";"0,9";"";"0,0"
"27/04/2026";"0300";"18,9";"20,4";"18,9";"80,0";"80,0";"72,0";"15,4";"15,4";"14,9";"918,1";"918,4";"918,1";"0,0";"38,0";"1,0";"";"0,0"
"27/04/2026";"0400";"20,0";"20,0";"18,6";"78,0";"81,0";"78,0";"16,0";"16,1";"15,3";"917,8";"918,1";"917,8";"0,7";"119,0";"1,8";"";"0,0"
"27/04/2026";"0500";"19,3";"20,0";"19,2";"81,0";"81,0";"77,0";"16,0";"16,3";"15,6";"917,6";"917,8";"917,6";"0,0";"115,0";"2,1";"";"0,0"
"27/04/2026";"0600";"18,2";"19,4";"18,2";"86,0";"86,0";"81,0";"15,8";"16,1";"15,8";"917,8";"917,8";"917,6";"0,0";"359,0";"1,0";"";"0,0"
"27/04/2026";"0700";"17,8";"18,2";"17,8";"88,0";"89,0";"86,0";"15,8";"16,2";"15,8";"917,8";"917,9";"917,7";"0,0";"189,0";"0,5";"";"0,0"
"27/04/2026";"0800";"17,3";"17,8";"17,3";"90,0";"90,0";"88,0";"15,6";"15,9";"15,6";"918,2";"918,2";"917,8";"0,0";"333,0";"0,0";"";"0,0"
"27/04/2026";"0900";"17,9";"17,9";"17,3";"89,0";"90,0";"89,0";"16,0";"16,0";"15,6";"918,7";"918,7";"918,2";"0,0";"175,0";"0,0";"";"0,0"
"27/04/2026";"1000";"18,4";"18,4";"17,8";"89,0";"89,0";"88,0";"16,5";"16,5";"15,9";"919,2";"919,2";"918,7";"0,0";"34,0";"0,0";"61,00";"0,0"
"27/04/2026";"1100";"21,8";"21,8";"18,4";"74,0";"89,0";"74,0";"17,0";"17,2";"16,6";"919,7";"919,7";"919,2";"0,0";"4,0";"0,5";"500,00";"0,0"
"27/04/2026";"1200";"25,0";"25,0";"21,8";"63,0";"75,0";"57,0";"17,4";"17,8";"15,7";"920,3";"920,3";"919,7";"0,6";"6,0";"2,4";"1458,40";"0,0"
"27/04/2026";"1300";"26,6";"27,0";"25,0";"57,0";"63,0";"53,0";"17,4";"17,5";"15,8";"920,4";"920,4";"920,3";"1,2";"17,0";"3,6";"2113,00";"0,0"
"27/04/2026";"1400";"28,2";"28,5";"26,5";"46,0";"57,0";"45,0";"15,6";"17,2";"14,7";"919,8";"920,4";"919,8";"0,4";"355,0";"3,7";"2438,50";"0,0"
"27/04/2026";"1500";"29,2";"29,4";"28,0";"40,0";"48,0";"39,0";"14,3";"16,6";"13,7";"918,7";"919,8";"918,7";"1,4";"346,0";"3,8";"2731,20";"0,0"
"27/04/2026";"1600";"30,1";"30,7";"28,5";"37,0";"44,0";"34,0";"13,9";"16,0";"12,6";"917,8";"918,7";"917,8";"0,5";"32,0";"4,2";"2751,10";"0,0"
"27/04/2026";"1700";"31,3";"31,3";"29,7";"36,0";"41,0";"35,0";"14,6";"15,5";"12,8";"917,1";"917,8";"917,1";"1,3";"282,0";"4,4";"2746,30";"0,0"
"27/04/2026";"1800";"30,4";"31,6";"28,5";"38,0";"45,0";"35,0";"14,6";"16,3";"13,5";"916,7";"917,1";"916,7";"0,8";"353,0";"4,4";"2079,70";"0,0"
"27/04/2026";"1900";"29,9";"30,9";"29,4";"42,0";"44,0";"34,0";"15,5";"16,4";"12,7";"916,9";"916,9";"916,7";"0,6";"333,0";"4,4";"1238,70";"0,0"
"27/04/2026";"2000";"27,4";"30,2";"27,4";"51,0";"51,0";"38,0";"16,2";"17,1";"14,2";"917,5";"917,6";"916,9";"1,0";"261,0";"4,4";"422,50";"0,0"
"27/04/2026";"2100";"25,2";"27,4";"25,1";"51,0";"53,0";"47,0";"14,2";"16,5";"14,2";"917,8";"917,9";"917,5";"1,3";"280,0";"4,4";"55,60";"0,0"
"27/04/2026";"2200";"24,4";"25,4";"24,4";"52,0";"53,0";"48,0";"14,0";"14,5";"13,5";"918,3";"918,3";"917,8";"0,0";"235,0";"2,3";"";"0,0"
"27/04/2026";"2300";"24,4";"25,1";"24,4";"53,0";"53,0";"50,0";"14,1";"14,2";"13,9";"919,0";"919,0";"918,3";"0,0";"197,0";"0,8";"";"0,0"
"28/04/2026";"0000";"22,8";"24,4";"22,8";"62,0";"63,0";"53,0";"15,3";"15,4";"14,1";"919,5";"919,5";"919,0";"0,0";"101,0";"0,0";"";"0,0"
"28/04/2026";"0100";"23,0";"23,3";"22,2";"63,0";"67,0";"62,0";"15,5";"15,8";"15,2";"919,2";"919,5";"919,2";"0,0";"110,0";"1,4";"";"0,0"
"28/04/2026";"0200";"22,2";"23,4";"21,7";"73,0";"73,0";"62,0";"17,1";"17,1";"15,6";"919,3";"919,4";"919,2";"0,8";"94,0";"4,5";"";"0,0"
"28/04/2026";"0300";"21,4";"22,3";"20,7";"79,0";"80,0";"73,0";"17,6";"17,6";"17,0";"919,1";"919,3";"919,1";"0,1";"117,0";"2,9";"";"0,0"
"28/04/2026";"0400";"20,7";"21,7";"20,5";"80,0";"81,0";"77,0";"17,2";"17,7";"17,0";"918,6";"919,2";"918,6";"0,0";"47,0";"1,8";"";"0,0"
"28/04/2026";"0500";"20,1";"20,7";"20,1";"83,0";"83,0";"80,0";"17,0";"17,3";"17,0";"918,3";"918,6";"918,3";"0,0";"57,0";"0,0";"";"0,0"
"28/04/2026";"0600";"19,3";"20,1";"19,2";"87,0";"87,0";"83,0";"17,0";"17,2";"16,9";"917,9";"918,3";"917,9";"0,0";"61,0";"0,1";"";"0,0"
"28/04/2026";"0700";"21,0";"21,1";"19,2";"77,0";"87,0";"77,0";"16,9";"17,5";"16,8";"918,2";"918,3";"917,9";"0,2";"100,0";"3,0";"";"0,0"
"28/04/2026";"0800";"20,3";"21,0";"19,8";"81,0";"82,0";"77,0";"16,8";"16,9";"16,6";"918,3";"918,3";"918,1";"0,1";"107,0";"1,8";"";"0,0"
"28/04/2026";"0900";"20,1";"20,3";"18,8";"82,0";"86,0";"80,0";"16,8";"17,1";"16,3";"919,0";"919,0";"918,2";"0,2";"131,0";"1,8";"";"0,0"
"28/04/2026";"1000";"21,5";"21,5";"19,9";"75,0";"82,0";"75,0";"16,8";"16,8";"16,5";"919,7";"919,7";"919,0";"1,0";"109,0";"3,4";"80,30";"0,0"
"28/04/2026";"1100";"22,5";"22,7";"21,3";"72,0";"76,0";"70,0";"17,1";"17,3";"16,7";"920,1";"920,2";"919,7";"2,0";"89,0";"5,2";"549,00";"0,0"
"28/04/2026";"1200";"24,5";"24,6";"22,4";"66,0";"72,0";"64,0";"17,6";"17,9";"17,0";"920,9";"920,9";"920,1";"1,7";"76,0";"5,4";"1416,60";"0,0"
"28/04/2026";"1300";"26,6";"27,1";"24,5";"57,0";"67,0";"55,0";"17,3";"18,4";"17,0";"921,2";"921,3";"920,9";"1,9";"68,0";"5,4";"2077,20";"0,0"
"28/04/2026";"1400";"";"";"";"";"";"";"";"";"";"";"";"";"";"";"";"";""
"28/04/2026";"1500";"";"";"";"";"";"";"";"";"";"";"";"";"";"";"";"";""
"28/04/2026";"1600";"";"";"";"";"";"";"";"";"";"";"";"";"";"";"";"";""
"28/04/2026";"1700";"";"";"";"";"";"";"";"";"";"";"";"";"";"";"";"";""
"28/04/2026";"1800";"";"";"";"";"";"";"";"";"";"";"";"";"";"";"";"";""
"28/04/2026";"1900";"";"";"";"";"";"";"";"";"";"";"";"";"";"";"";"";""
"28/04/2026";"2000";"";"";"";"";"";"";"";"";"";"";"";"";"";"";"";"";""
"28/04/2026";"2100";"";"";"";"";"";"";"";"";"";"";"";"";"";"";"";"";""
"28/04/2026";"2200";"";"";"";"";"";"";"";"";"";"";"";"";"";"";"";"";""
"28/04/2026";"2300";"";"";"";"";"";"";"";"";"";"";"";"";"";"";"";"";""